ID,username,Time,lat,long,comment,,,,
1.25228E+18, astoldbymani, Mon Apr 20 17:00:22 +0000 2020,-83.173867,32.678207, y‚Äôall really out here having sessions with this corona going around ü•¥ ,,,,
1.25228E+18, ajhwood1961, Mon Apr 20 17:00:22 +0000 2020,-80.926628,33.63114, @Booker4KY Oh! And I am supporting you from SC ,,,,
1.25228E+18, _andre24_, Mon Apr 20 17:00:22 +0000 2020,-98.417941,26.223465, @124578JGonz He‚Äôs getting HUGE wtf ,,,,
1.25228E+18, JayloTas, Mon Apr 20 17:00:22 +0000 2020,-95.446486,29.838495, It‚Äôs twinning time! How about the time when me and @tytannaaa had our twinning going on. @WileyEvents #SUABTWIN https://t.co/YNiQPHVo0I ,,,,
1.25228E+18, shaotamon, Mon Apr 20 17:00:22 +0000 2020,-157.897564,21.397737, @jonnyxrose Dude who are you lol üòÇ ,,,,
1.25228E+18, ChampeKnightsFB, Mon Apr 20 17:00:22 +0000 2020,-79.420865,38.003376, Leadership topic for this Sunday, April 26. Are Leaders born or made?  See Coach D for Zoom time and code. https://t.co/8yIyrPobcq ,,,
1.25228E+18, Coloringpenguin, Mon Apr 20 17:00:22 +0000 2020,-89.266508,39.7393, @MikeyOrtiz5 ,,,,
1.25228E+18, Austin1Petersen, Mon Apr 20 17:00:22 +0000 2020,-75.770041,42.746617, @zaddyproblems25 You should take Dexilant. Works amazing üëåüèº ,,,,
1.25228E+18, Ti_Monet, Mon Apr 20 17:00:22 +0000 2020,-84.2836,30.4391, #NotYourAveragePlugPress on Nails by @Ti_Monet @ Tallahassee, Florida https://t.co/yco1p1Avoi ,,,
1.25228E+18, TeachersHall, Mon Apr 20 17:00:22 +0000 2020,-95.690732,39.037579, There are so many possibilities. New talents? https://t.co/w9KuFVaOTt ,,,,
1.25228E+18, diespeso, Mon Apr 20 17:00:22 +0000 2020,-116.929102,32.332876, Ay, ahorita debe de haber un chingo de hongos en el parque, pinche cuarentena üçÑüò≠ ,,
1.25228E+18, Aochery, Mon Apr 20 17:00:22 +0000 2020,-71.0914,42.780778, A statistic ,,,,
1.25228E+18, WicksAB, Mon Apr 20 17:00:22 +0000 2020,-85.641142,42.956412, Achtung Baby, take me away. ,,,
1.25228E+18, SkyRider1987, Mon Apr 20 17:00:22 +0000 2020,-71.0565,42.3577, Huge thanks to eastsidemotoring for getting me in around my work schedule and getting the clubman all tinted so it‚Ä¶ https://t.co/DRbZJoUtjV ,,,,
1.25228E+18, Ryan_Jacob24, Mon Apr 20 17:00:22 +0000 2020,-118.411907,34.020789, ü§£üòÇ ,,,,
1.25228E+18, Bobby6740, Mon Apr 20 17:00:22 +0000 2020,-78.97082,35.191484, @FF411 @MaryMargaretTK @realDonaldTrump @JDiamond1 @Acosta You got it right lol send in the clowns lol that's what they all are ,,,,
1.25228E+18, Thi_duongg7, Mon Apr 20 17:00:22 +0000 2020,-88.161555,30.683649, Y‚Äôall ever just think of a moment y‚Äôall had with someone and get chills? ü•¥ ,,,,
1.25228E+18, greasymfburrito, Mon Apr 20 17:00:22 +0000 2020,-112.124676,33.552863, Shut up ,,,,
1.25228E+18, therealjayspeed, Mon Apr 20 17:00:22 +0000 2020,-95.326899,29.547885, NEW ERA 7üí∞HAD TO TURN THE CITY UP‚ùóÔ∏èSTAYING HOME...üìç#ForTheCity üêæ#COMMITTED‚ù§Ô∏è.... https://t.co/wAbRGHb1Xu ,,,,
1.25228E+18, KushManWood, Mon Apr 20 17:00:23 +0000 2020,-95.446486,29.838495, I will not get a house before hitting 30 years old. Yall dont understand the type of debt yall are putting yourselv‚Ä¶ https://t.co/T8xPVS8jol ,,,,
1.25228E+18, RossiSongo, Mon Apr 20 17:00:23 +0000 2020,-73.968542,40.780709, Girl what? It‚Äôs too much goin on in Nenobia life. ,,,,
1.25228E+18, coachcraw4d, Mon Apr 20 17:00:23 +0000 2020,-83.206106,35.955731, @Sizemore48 @425DC1 Greetings! Thank you for the s/o. Very Kind of you! We have NO secrets. We share everything. Wh‚Ä¶ https://t.co/UVD7EkEWgE ,,,,
1.25228E+18, ShatorriaJ_, Mon Apr 20 17:00:23 +0000 2020,-81.972705,28.049601, üòøüòøüòøüòøüòø ,,,,
1.25228E+18, laurakatyoung, Mon Apr 20 17:00:23 +0000 2020,-87.789901,41.88713, @jencoxshah Are you in Chicago? I heard of a virtual pride party ,,,,
1.25228E+18, LuvWDW, Mon Apr 20 17:00:23 +0000 2020,-83.804475,27.698682, @HappilyAmanda_ https://t.co/fu5ej4ojt0 ,,,,
1.25228E+18, prittyxiii, Mon Apr 20 17:00:23 +0000 2020,-118.411907,34.020789, kevin is back from kansas no one can sleep ever again ,,,,
1.25228E+18, aaron_tagerson, Mon Apr 20 17:00:23 +0000 2020,-95.538134,30.337514, Today we voted #TeamGSP in Bird Dogs 4 Habitat! @quail4ever + @pheasants4ever have a terrific match set up so the m‚Ä¶ https://t.co/DtxIvfo9Xm ,,,,
1.25228E+18, KameronKindschi, Mon Apr 20 17:00:24 +0000 2020,-110.915573,32.189391, @zennioptical Thank you ‚ò∫Ô∏è ,,,,
1.25228E+18, Tarzana_Clayton, Mon Apr 20 17:00:24 +0000 2020,-118.411907,34.020789, ü§£ü§£ü§£ ,,,,
1.25228E+18, CayceOh, Mon Apr 20 17:00:24 +0000 2020,-118.156711,33.809172, @justfoxynyc Smh that Dominican joint down the block tho!! üëåüèºüëåüèº ,,,,
1.25228E+18, iamjuicyk, Mon Apr 20 17:00:24 +0000 2020,-73.831187,40.670879, I only want my ex nigga or a nigga that look like him YES IM BEING SUPERFICIAL WHT ABOUT IT? ü§£ ,,,,
1.25228E+18, genebromberg, Mon Apr 20 17:00:24 +0000 2020,-80.025111,40.521189, Here‚Äôs the lede‚Äî‚ÄúTiny handful of cretins risk exposing themselves and loved ones to deadly virus to feel like tuff‚Ä¶ https://t.co/Gt0WhPR8GX ,,,,
1.25228E+18, rivera_daniel0, Mon Apr 20 17:00:24 +0000 2020,-80.138645,26.251895, https://t.co/PR0Mf1Bw2Q ,,,,
1.25228E+18, JVMES4152, Mon Apr 20 17:00:24 +0000 2020,-122.435979,37.770657, @Brooksbrosmedia üò≠üò≠üòπüòπüòπ ,,,,
1.25228E+18, savvannahbee, Mon Apr 20 17:00:24 +0000 2020,-111.928142,33.392884, @patmaine is this an animal crossing tweet? ,,,,
1.25228E+18, shyanne1335, Mon Apr 20 17:00:24 +0000 2020,-100.076888,31.168893, Ya girl needs a mf‚Äôing vacaüò≠ü§£ https://t.co/Smef4RhkOZ ,,,,
1.25228E+18, _HisCreation, Mon Apr 20 17:00:24 +0000 2020,-76.355918,36.841764, Almost time to get ready for this place they call a job ,,,,
1.25228E+18, david_hemond, Mon Apr 20 17:00:24 +0000 2020,-72.640867,41.987733, Yes. Consider the courage required to treat those in the covid wards - seeing unavoidably the devastation it wreaks‚Ä¶ https://t.co/61AyrKPer8 ,,,,
1.25228E+18, oscarangulo_, Mon Apr 20 17:00:25 +0000 2020,-80.271087,25.699448, @JohnLynch49ers @SAPSports @MicrosoftTeams @EB_CoachLo ,,,,
1.25228E+18, tropicalsteve, Mon Apr 20 17:00:25 +0000 2020,-80.249773,26.270261, Yes ,,,,
1.25228E+18, Cloen_Kevin, Mon Apr 20 17:00:25 +0000 2020,-82.114383,41.360839, A MOB SCENE IN THE INDIANS THIRD BASE DUGOUT ,,,,
1.25228E+18, Mjandersrn, Mon Apr 20 17:00:25 +0000 2020,-91.618471,41.754823, @crnajulie @RandyMooreCRNA There is so much wrong with this I don‚Äôt even know where to begin!  #dontdoitthisway ,,,,
1.25228E+18, judithhle_, Mon Apr 20 17:00:24 +0000 2020,-96.761753,32.819858, @KEEMSTAR #DramaAlert $Judithhle https://t.co/1QgLZGdFgj ,,,,
1.25228E+18, DaRealFLFlash, Mon Apr 20 17:00:25 +0000 2020,-84.266174,30.476216, @CoachJCovington Do you need Track SPEED at the WR position? If yes, then I got you!Jr Season Highlights‚Ä¶ https://t.co/MT4xMAEOlO ,,,
1.25228E+18, ReactsRoyalty, Mon Apr 20 17:00:25 +0000 2020,-97.552161,35.482844, It‚Äôs definitely took awhile but I can say I‚Äôm over the Kobe death üòå freak accident and he blessed my childhood with countless memories ,,,,
1.25228E+18, lazehancaster, Mon Apr 20 17:00:25 +0000 2020,-78.657837,35.843981, @ChrisCorchJr13 3????  That‚Äôs the worst logo in the history of sports.  #3headedratlogo ,,,,
1.25228E+18, Goal__Diggah, Mon Apr 20 17:00:25 +0000 2020,-77.604684,41.117936, Well they have a legendary sexual reputation but it‚Äôs trash to me ,,,,
1.25228E+18, blockaflockafla, Mon Apr 20 17:00:25 +0000 2020,-98.540651,29.417501, @cutegiraffe6 @bestcouple23181 üíûüíãüî•üçÜüòªüòΩüôåüëêüôå ,,,,
1.25228E+18, MarcoCeee_, Mon Apr 20 17:00:25 +0000 2020,-81.367773,28.501678, @fcodispoti @n0slek Ever since he started smoking he has to publically let the world know every day that hes baked ,,,,
1.25228E+18, MickeyP325, Mon Apr 20 17:00:25 +0000 2020,-76.546654,44.539712, @Markfry809 Sadly these images are seen all over the world and people believe this is who America is. Not a good lo‚Ä¶ https://t.co/TUZthVKXxu ,,,,
1.25228E+18, JulieLinden5, Mon Apr 20 17:00:25 +0000 2020,-77.504964,37.610575, @ashlie_weeks @DuarfFred You‚Äôre so kind https://t.co/0hU7yu3lTv ,,,,
1.25228E+18, ThePradaPastor, Mon Apr 20 17:00:25 +0000 2020,-73.849441,40.850347, @Longrev4 @newyscruggs See how defensive you got lol and you really wanna claim bill Clinton with that crime bill..‚Ä¶ https://t.co/UxcX9HkhkU ,,,,
1.25228E+18, iamsaritaaaa, Mon Apr 20 17:00:25 +0000 2020,-96.991828,33.042437, I‚Äôve never fully believed it wasn‚Äôt my fault what happened to me. In the back of my head I always thought it was be‚Ä¶ https://t.co/Uo0eUDajox ,,,,
1.25228E+18, brokenfieldrun, Mon Apr 20 17:00:25 +0000 2020,-118.411907,34.020789, @therealgunitg Try our new single ‚ÄúMOUTHS‚Äù if you dig sad dance party type music ‚òîÔ∏èhttps://t.co/RD05CzVNfE ,,,,
1.25228E+18, GhoulGuard, Mon Apr 20 17:00:25 +0000 2020,-73.968542,40.780709, Idk why men are telling women to smile more; most people have horrific nightmarish smiles ,,,,
1.25228E+18, eaglesnest365, Mon Apr 20 17:00:25 +0000 2020,-77.604684,41.117936, @PhillyFan1551 @LaneJohnson65 Enjoy!!! ,,,,
1.25228E+18, OMGxCallMeJUDY, Mon Apr 20 17:00:26 +0000 2020,-84.532133,33.948124, @TOKYOxVANITY bitchhhhh goldfish . ,,,,
1.25228E+18, QUEEN_RAEBAE, Mon Apr 20 17:00:26 +0000 2020,-86.680738,32.576227, Finally registered for Summer classes. Now I‚Äôm about to workout . ,,,,
1.25228E+18, josexraw, Mon Apr 20 17:00:25 +0000 2020,-118.156711,33.809172, @SOLELINKS Thanks @SOLELINKS https://t.co/Bp20TRlCGW ,,,,
1.25228E+18, theejazzinicole, Mon Apr 20 17:00:26 +0000 2020,-83.099288,42.352787, Being and introvert is how I protect my energy, having extrovert characteristics is how I ENJOY life! ,,,
1.25228E+18, SweetBliss_, Mon Apr 20 17:00:26 +0000 2020,-82.306723,27.827367, 4/20 and im outside smoking üòÅ ,,,,
1.25228E+18, igTXSalazar, Mon Apr 20 17:00:26 +0000 2020,-95.446486,29.838495, @michaelmp3 @_maadvillainy_ Rewatch Cowboys-49ers in 1995 at Texas Stadium. Deion did not follow Jerry Rice. https://t.co/uK5u54qRhm ,,,,
1.25228E+18, aparnamuk, Mon Apr 20 17:00:26 +0000 2020,-118.411907,34.020789, @KTharase Also, I love my senator as a Cali returnee and have had lovely interactions with her mother-in-law! ,,,
1.25228E+18, madison_mariee7, Mon Apr 20 17:00:26 +0000 2020,-75.38646,39.145024, the TEA üò≠‚òïÔ∏è ,,,,
1.25228E+18, bblettuce, Mon Apr 20 17:00:26 +0000 2020,-115.223125,36.232915, I wish my friends played animal crossing üò≠ we would have a BLASTTTT ,,,,
1.25228E+18, AziziGibson, Mon Apr 20 17:00:26 +0000 2020,-118.411907,34.020789, It‚Äôs only right I drop the track last and back cover today ? ,,,,
1.25228E+18, KelseyFGold, Mon Apr 20 17:00:26 +0000 2020,-118.411907,34.020789, @Fangreaper @MidnightsCos @c_d_2000 @fatangryqueer @BabyPowdahh How do you expect people to do that when there‚Äôs no‚Ä¶ https://t.co/xyFODiJzSC ,,,,
1.25228E+18, DreLewis2589, Mon Apr 20 17:00:26 +0000 2020,-118.411907,34.020789, @BrianBp626 What!?!?!! ,,,,
1.25228E+18, BrunoAgustoni, Mon Apr 20 17:00:26 +0000 2020,-77.014398,38.898603, Boris zaf√≥ del coronavirus pero no se si zafa de los costos pol√≠ticos ,,,,
1.25228E+18, JackieCreech4, Mon Apr 20 17:00:26 +0000 2020,-79.420865,38.003376, #StopAiringTrumpBriefings ,,,,
1.25228E+18, 909coffeejunkie, Mon Apr 20 17:00:26 +0000 2020,-117.65101,34.0994, I don't leave the house often, but when I do it's to support my favorite coffee shop. Now is the time to support lo‚Ä¶ https://t.co/rOjRitOGk8 ,,,
1.25228E+18, fikisports, Mon Apr 20 17:00:26 +0000 2020,-118.48042,34.022688, @PabloAlsina Plenty to add to your home set! https://t.co/aJrFsP3rjn https://t.co/j4B6aL5ijv ,,,,
1.25228E+18, HCGmuseum, Mon Apr 20 17:00:26 +0000 2020,-79.05159,33.841847, Did you know that wild horses lived in South Carolina during the last Ice Age? Fossils provide our evidence, such a‚Ä¶ https://t.co/sQu1WdrskX ,,,
1.25228E+18, thatguycopey, Mon Apr 20 17:00:26 +0000 2020,-80.72306,43.135954, Oops! ,,,,
1.25228E+18, kspab5524, Mon Apr 20 17:00:26 +0000 2020,-105.55089,38.997936, @LisaVery29 @breaultjean @MarcZenn @kick1972 Lisa,  you're an educator,  so you've contributed to the dumbing down, no? ,
1.25228E+18, DreamChasing_20, Mon Apr 20 17:00:26 +0000 2020,-93.955918,29.901544, LMFAOOOOOOOOOOOO ,,,,
1.25228E+18, MetalMusicMan_, Mon Apr 20 17:00:27 +0000 2020,-90.517684,38.793047, How y'all doing on this spring-ie Monday? ,,,,
1.25228E+18, DeAntonyC, Mon Apr 20 17:00:27 +0000 2020,-78.657837,35.843981, #2004 #1stPhotoChallenge @bestofbothnc üíç #StudentsInLove https://t.co/trG9AjZyoV ,,,,
1.25228E+18, TheLastAlexand1, Mon Apr 20 17:00:27 +0000 2020,-87.732013,41.833585, It don't cost nothing üòÑüòÜüòÖ ,,,,
1.25228E+18, stormyafternoon, Mon Apr 20 17:00:27 +0000 2020,-122.615429,48.484016, @tervmom1 @HR_Esq_Alvarez @tgvaldes @PacificCI @AlanBowieJrEsq  @k8bischHRLaw @SimonBoehme @chamediation @diana8385‚Ä¶ https://t.co/rys0qNt1sc ,,,,
1.25228E+18, _anthonypas, Mon Apr 20 17:00:27 +0000 2020,-87.815934,41.923225, @shylobisnett I was also on the trail from the beginning to the end and back. I‚Äôd say about 3/5 of people were wearing masks on the trail. ,,,,
1.25228E+18, jamibesecker, Mon Apr 20 17:00:27 +0000 2020,-117.287924,33.121484, Good Monday morning! Go out and get it right this week. #monday #mondaymotivation #mondaymorning #getitright https://t.co/oo6VtNC5vh ,,,,
1.25228E+18, Lizbeth69758669, Mon Apr 20 17:00:27 +0000 2020,-98.362531,25.836568, Si jur√≥ por su madre que todo lo de Kenia era verdad. Ahora c√≥mo por qu√© quiere que le crean que todo lo que sali√≥‚Ä¶ https://t.co/ULpEM52tqa ,,,,
1.25228E+18, progresohispano, Mon Apr 20 17:00:27 +0000 2020,-80.84802,35.22734, #20ABR | Pistolero ejecut√≥ tiroteo m√°s mort√≠fero de Canad√°https://t.co/1bnpwRjqcy#QuedemonosEnCasa #Sucesos‚Ä¶ https://t.co/A36oNFcvBO ,,,,
1.25228E+18, DianasLiving, Mon Apr 20 17:00:27 +0000 2020,-79.616073,43.555244, @dobbernation @RavineVineyard @dillonsdistills @HenryofPelham Coming over ... oh wait, never mind üò© ,,,
1.25228E+18, CoachLRJ, Mon Apr 20 17:00:27 +0000 2020,-89.569491,44.900818, @Foxy79_ It amazes me how many men regularly post a lot pictures of themselves on here. I make note of that shit, f‚Ä¶ https://t.co/sI5PAhi8he ,,,
1.25228E+18, _therealldomo, Mon Apr 20 17:00:27 +0000 2020,-77.014398,38.898603, it‚Äôs taurus szn bitches ü•≥ ,,,,
1.25228E+18, losman94, Mon Apr 20 17:00:27 +0000 2020,-98.540651,29.417501, @abhorrently_urs @labellana_t You don‚Äôt get paid enough nor do you get enough praise. Stay strong as both of you ar‚Ä¶ https://t.co/8ZKPtaJ8WU ,,,,
1.25228E+18, __Riasia, Mon Apr 20 17:00:27 +0000 2020,-91.0908,30.4591, Why is it with men, they suck women dry for years &amp; expect for us to give them everything &amp; only provide little in‚Ä¶ https://t.co/casK5azcw7 ,,,
1.25228E+18, AKLionMusic, Mon Apr 20 17:00:27 +0000 2020,-79.420865,38.003376, I hope everyone is enjoying the new track. ,,,,
1.25228E+18, JoyPostell, Mon Apr 20 17:00:27 +0000 2020,-76.620482,39.284713, @Queenhaiti___ ü§£ ,,,,
1.25228E+18, annabellllect, Mon Apr 20 17:00:27 +0000 2020,-100.076888,31.168893, @lexiemamaa_ we were so surprised we‚Äôd never heard of it before! we were both pretty freaked out about it ,,,,
1.25228E+18, Madcombs_, Mon Apr 20 17:00:27 +0000 2020,-85.768241,37.822244, Bout to grind out some ab/cardio workouts for the next month üôÉ ,,,,
1.25228E+18, CherylA62661619, Mon Apr 20 17:00:27 +0000 2020,-81.181195,37.789646, Yes America he knew...üôÑhttps://t.co/mMfbdBoorp ,,,,
1.25228E+18, _SmooovDee_, Mon Apr 20 17:00:27 +0000 2020,-95.446486,29.838495, Bro ü§£ ,,,,
1.25228E+18, MostateNursing, Mon Apr 20 17:00:27 +0000 2020,-92.436774,38.304558, Way to go Katelyn! We are proud of you and your eagerness to get out and help others! You are ready! üêªü©∫ #GoMaroon‚Ä¶ https://t.co/mFuCMhgjvd ,,,,
1.25228E+18, DatKingLadyZack, Mon Apr 20 17:00:28 +0000 2020,-77.014398,38.898603, Certain shit be blowin me ,,,,
1.25228E+18, TheDailyKoko, Mon Apr 20 17:00:28 +0000 2020,-97.754724,30.323346, back to the silly names ,,,,
1.25228E+18, JulianTheWhale, Mon Apr 20 17:00:28 +0000 2020,-76.423022,39.383172, 1st video: 2x3 @ 80% from 2‚Äù blocks, 348 lbs. 2nd video: 1x8 @ 70% from 1‚Äù deficit, 303 lbs.#cubemethod #deadlift‚Ä¶ https://t.co/a8edcAzEN2 ,,
1.25228E+18, __Launnabaunna, Mon Apr 20 17:00:28 +0000 2020,-84.416916,42.759558, Bro a nigga can really just ruin yo whole moodüòÇüòÇüòÇüòÇüòÇ ,,,,
1.25228E+18, COJeepChris, Mon Apr 20 17:00:28 +0000 2020,-105.072231,39.947249, @dad_videos No pouch ,,,,
1.25228E+18, TymberleeHill, Mon Apr 20 17:00:28 +0000 2020,-118.325145,34.18216, @akilahgreen Shut up your mouth! üòÇüòÇüòÇ ,,,,
1.25228E+18, Mikeybouchhhhh, Mon Apr 20 17:00:28 +0000 2020,-77.604684,41.117936, Happy birthday @caitythoms313 https://t.co/s9TLIrztXK ,,,,
1.25228E+18, KwokKwun1, Mon Apr 20 17:00:28 +0000 2020,-122.306264,38.297072, @ASHISHTWITTED @AChinaStory1 Ma did not relinquish control of his empire voluntarily. #CCP decides which playe. get‚Ä¶ https://t.co/zCwrPhYsix ,,,,
1.25228E+18, Nurse_Krochonis, Mon Apr 20 17:00:28 +0000 2020,-84.388733,33.747751, ùêàùêèùêã (ùê©ùê°ùê®ùê≠ùê®ùêüùêöùêúùê¢ùêöùê•) Also known as ‚Äúintense pulse light‚Äù is a non surgical treatment used to treat photo damage (sun d‚Ä¶ https://t.co/pVFVvmeLQc ,,,,
1.25228E+18, taylor_veronia, Mon Apr 20 17:00:28 +0000 2020,-83.173867,32.678207, @SimplyStassi_ I‚Äôll smoke it for you lol ,,,,
1.25228E+18, NmRhodes, Mon Apr 20 17:00:28 +0000 2020,-81.940298,34.949965, I want some edibles lol ,,,,
1.25228E+18, gcd23, Mon Apr 20 17:00:28 +0000 2020,-73.753994,40.921667, An #osprey #diving for &amp; catching a #fish for #breakfast as the day began #MotherNature is #beautiful to watch‚Ä¶ https://t.co/NUdjm8i4Fy ,,,,
1.25228E+18, XaeMorris, Mon Apr 20 17:00:28 +0000 2020,-84.433106,33.767195, I‚Äôm a god. I‚Äôm a king. ,,,,
1.25228E+18, BlackTarzan4, Mon Apr 20 17:00:28 +0000 2020,-83.173867,32.678207, @drewdrew9696 Wells Fargo ,,,,
1.25228E+18, VaultGallerie, Mon Apr 20 17:00:28 +0000 2020,-87.67827,41.85736, Tropicalia Sade by thechicagolago 14 x 11 on Moab Archival Paper 10 total signed and numberedAvailable on‚Ä¶ https://t.co/xZliXT20J5 ,,,,
1.25228E+18, rachelmufasa_, Mon Apr 20 17:00:29 +0000 2020,-79.861034,35.170499, @ShannonL_Miller üòÇüòÇüòÇüòÇ ,,,,
1.25228E+18, Mahefeb, Mon Apr 20 17:00:29 +0000 2020,-86.27054,45.00118, @ponram_ 31424 (Mitchigan)üôÉ ,,,,
1.25228E+18, MauiJANderson, Mon Apr 20 17:00:29 +0000 2020,-166.599693,23.691364, @caitrionambalfe @Outlander_STARZ Absolutely fantastic!  Best show of the season for me thus far.  It‚Äôs back to the‚Ä¶ https://t.co/IpXMkAhWIS ,,,,
1.25228E+18, karlaador, Mon Apr 20 17:00:29 +0000 2020,-106.41743,31.793368, Organizing our school/crafting supplies closet today. I will die. ,,,,
1.25228E+18, tmj_BUF_gensci, Mon Apr 20 17:00:29 +0000 2020,-78.96573,43.021628, If you're looking for work in #GrandIsland, NY, check out this job: https://t.co/2n1SNmRfkx #GeneralScience ,,
1.25228E+18, TehadmireChris, Mon Apr 20 17:00:29 +0000 2020,-87.125767,41.619157, This is a Drake line; but he's flipping a Bob Marley quote. People in the comments don't know that thoughüíÄüòÇ ,,,,
1.25228E+18, DankofMark, Mon Apr 20 17:00:29 +0000 2020,-98.380184,29.518532, ü§†ü§†ü§† ,,,,
1.25228E+18, AndreaNaegele, Mon Apr 20 17:00:29 +0000 2020,-84.917307,32.482304, Virginity only matters if your lighting a candle on Halloween to summon 3 witches who've been dead for a hundred years. #Truth ,,,,
1.25228E+18, McNicollb, Mon Apr 20 17:00:29 +0000 2020,-77.349057,38.955801, @BowieBaysox The Natural-esque HR into the light standard in RCF left an impression. ,,,,
1.25228E+18, JasonBivona3, Mon Apr 20 17:00:29 +0000 2020,-75.770041,42.746617, @Canes @CanesOnFSCR lets go!!! ,,,,
1.25228E+18, I_Am_SalmanKhan, Mon Apr 20 17:00:29 +0000 2020,-74.466483,40.55177, Ngl...Dudley was my favorite Net that season ,,,,
1.25228E+18, sarmmont, Mon Apr 20 17:00:30 +0000 2020,-79.616073,43.555244, Wow i love this man ,,,,
1.25228E+18, QueenAaa_, Mon Apr 20 17:00:30 +0000 2020,-96.761753,32.819858, @KashOut_Ken Lmao whatttt ,,,,
1.25228E+18, RevengeBunny, Mon Apr 20 17:00:30 +0000 2020,-122.568507,37.983649, @gingermae333 @SafetyPinDaily He does.....üòÇ https://t.co/2WDFMjLjwz ,,,,
1.25228E+18, CathyReisenwitz, Mon Apr 20 17:00:30 +0000 2020,-122.435979,37.770657, @BoxerOrwell @ENBrown @CSLewis Ty for this ,,,,
1.25228E+18, Annamariej11, Mon Apr 20 17:00:30 +0000 2020,-86.680738,32.576227, @Cierra_x5sos @lexis_hogwood @camrie223 ,,,,
1.25228E+18, Ambereniats, Mon Apr 20 17:00:30 +0000 2020,-118.411907,34.020789, @_don_b_ She has a hip dipüôÑ https://t.co/VLNKNw3EE9 ,,,,
1.25228E+18, BostonClock, Mon Apr 20 17:00:30 +0000 2020,-71.088712,42.31367, üïê  TOON ,,,,
1.25228E+18, shellybeads, Mon Apr 20 17:00:30 +0000 2020,-80.817245,41.235332, @funder @realDonaldTrump ,,,,
1.25228E+18, KenGreen6, Mon Apr 20 17:00:30 +0000 2020,-75.117998,40.004866, @_ayrtonnn Karma ,,,,
1.25228E+18, ZeeHerbo, Mon Apr 20 17:00:30 +0000 2020,-85.705493,32.423363, They forgot, i said I‚Äôm winning that award next year üòÇ ,,,
1.25228E+18, suzymoffitt, Mon Apr 20 17:00:30 +0000 2020,-110.044783,46.6798, @GrannyCritter You look lovely. Have a nice day. üéÇ ,,,,
1.25228E+18, shyler11599, Mon Apr 20 17:00:30 +0000 2020,-83.804475,27.698682, @Juaviggy So i am funny ,,,,
1.25228E+18, PartmenParlay, Mon Apr 20 17:00:30 +0000 2020,-122.630908,45.536402, Highway robbery. It is what it is tho ,,,,
1.25228E+18, Top_6ix, Mon Apr 20 17:00:30 +0000 2020,-79.27257,43.629311, Eastern conference standards ,,,,
1.25228E+18, little_limatola, Mon Apr 20 17:00:30 +0000 2020,-74.304651,40.43687, rip brayan, your smile will live on in all of our memories üíó ,,,
1.25228E+18, robhimsiss, Mon Apr 20 17:00:31 +0000 2020,-94.976601,29.767947, i dont like clingy ,,,,
1.25228E+18, PhyllisBond, Mon Apr 20 17:00:30 +0000 2020,-84.433106,33.767195, This! ,,,,
1.25228E+18, Quennellmitchel, Mon Apr 20 17:00:31 +0000 2020,-73.948775,40.655138, Gooooooooood morning üôãüèΩ‚Äç‚ôÇÔ∏è ,,,,
1.25228E+18, j9len, Mon Apr 20 17:00:31 +0000 2020,-86.142922,39.779562, this ain‚Äôt a real drug ,,,,
1.25228E+18, GossipGirliee, Mon Apr 20 17:00:31 +0000 2020,-73.968542,40.780709, I never get that money but we aiming to that level ,,,,
1.25228E+18, mamipokoko, Mon Apr 20 17:00:31 +0000 2020,-122.958344,49.239654, @Radianzalter ‡πÄ‡∏™‡∏µ‡∏¢‡∏î‡∏≤‡∏¢ ‡∏ñ‡πâ‡∏≤‡πÄ‡∏à‡πâ‡∏≤‡∏Å‡∏∞‡∏°‡∏π‡πà‡∏≠‡∏¢‡∏π‡πà ‡πÄ‡∏£‡∏≤‡∏Ñ‡∏á‡πÑ‡∏î‡πâ‡∏ü‡∏≤‡∏î‡∏Ñ‡∏ô‡∏Å‡∏±‡∏ô‡∏´‡∏ô‡∏±‡∏Å‡∏Å‡∏ß‡πà‡∏≤‡∏ô‡∏µ‡πâ ,,,,
1.25228E+18, HazelfieldFarm, Mon Apr 20 17:00:31 +0000 2020,-84.962582,38.635472, Working hard on getting things weeded. Everyone helping in the sunshine. @ Hazelfield Farm https://t.co/VBeyMZSuz0 ,,,,
1.25228E+18, MALSTA, Mon Apr 20 17:00:31 +0000 2020,-87.8785,41.165, YES OUR MONDAY TO GET BUSY!MUST SEE VIDEO! https://t.co/a6cDX2JnWr#weightloss #weightlossjourney #fitness‚Ä¶ https://t.co/3e3FbqsWpC ,,,,
1.25228E+18, JupiterSun21, Mon Apr 20 17:00:31 +0000 2020,-80.294893,26.156619, This is the short end of the stick, I lose? You can make fun of my dick all you want I don't even wanna be you. ,,,
1.25228E+18, JerryBurnettJr, Mon Apr 20 17:00:31 +0000 2020,-80.926628,33.63114, @theHetal Hell no ,,,,
1.25228E+18, ACLUSouthDakota, Mon Apr 20 17:00:31 +0000 2020,-103.23341,44.075227, Did you know that in 2018, Black people were arrested 5 times more than white people for marijuana possession here‚Ä¶ https://t.co/Si0h6RMFjF ,,,
1.25228E+18, Alex_IT_83, Mon Apr 20 17:00:31 +0000 2020,-78.841541,35.653886, @Aqwa_me –í–æ–∑–º–æ–∂–Ω–æ, –ø—Ä–∏ –Ω–∞–ª–∏—á–∏–∏ –¥–æ–∫–∞–∑–∞—Ç–µ–ª—å—Å—Ç–≤ —Ç–æ–≥–æ, —á—Ç–æ —Ç—ã —Ç–∞–º –Ω–µ –ø—Ä–æ–∂–∏–≤–∞–ª–∞ –≤ —ç—Ç–æ—Ç –ø–µ—Ä–∏–æ–¥, –ø–æ–ª—É—á–∏—Ç—Å—è –æ—Ç—Å—É–¥–∏—Ç—å —á–∞—Å—Ç—å‚Ä¶ https://t.co/HplVXaP07O ,
1.25228E+18, eel_trebor, Mon Apr 20 17:00:31 +0000 2020,-80.240128,43.534199, Good thread üëáüëáüëáI'd support having PM @JustinTrudeau do that. ,,,,
1.25228E+18, muncyjeffrey1, Mon Apr 20 17:00:31 +0000 2020,-82.669467,40.36516, @614ohiopokerfan This is a Troll,right?Probably, somebody from the Shark Tank that made up an account to mess with‚Ä¶ https://t.co/1LrAGxLtaC ,,
1.25228E+18, MosemeMotselisi, Mon Apr 20 17:00:31 +0000 2020,-85.531889,38.273264, @lkzip13 @ntateRaps @SATODAY_SABC @AfricanPerspec1 @PresidencyZA No worries at all - this was to pose for the camer‚Ä¶ https://t.co/azrZSI4wmO ,,,,
1.25228E+18, hamptoncrt2424, Mon Apr 20 17:00:31 +0000 2020,-91.0908,30.4591, Spacious 2 bedroom/2 bathroom apartment home available for $900/mo. View video tour: https://t.co/Ow0bk6wIk1‚Ä¶ https://t.co/bsGopgXFUA ,,,,
1.25228E+18, tayglick, Mon Apr 20 17:00:32 +0000 2020,-71.687342,42.207817, Expected but :// ,,,,
1.25228E+18, tsparks611, Mon Apr 20 17:00:32 +0000 2020,-84.352444,33.943457, Me too. China is ASSHOLE! ,,,,
1.25228E+18, dudeitsice, Mon Apr 20 17:00:32 +0000 2020,-122.630908,45.536402, Happy Holiblaze my people! üí®üåø #puffpuffpass #420life #420everyday #bobross #happylittletrees https://t.co/4fmhlr96zu ,,,,
1.25228E+18, HayleeMack, Mon Apr 20 17:00:32 +0000 2020,-83.804475,27.698682, @whataboutitluv what do u mean ‚Äúprobably‚Äù lmfaooo ,,,,
1.25228E+18, cannis28, Mon Apr 20 17:00:32 +0000 2020,-92.430839,35.073112, @MichaelEvansB05 how many retweets for a zoom date? ;) ,,,,
1.25228E+18, SpiritPugs, Mon Apr 20 17:00:32 +0000 2020,-71.103722,42.395403, #Velcropugs https://t.co/RSoye7fmXP ,,,,
1.25228E+18, JamieDelToro_xo, Mon Apr 20 17:00:32 +0000 2020,-73.862797,41.066766, @xmanixbaby just in case have to make sure you saw this ,,,,
1.25228E+18, plutoniumpage, Mon Apr 20 17:00:32 +0000 2020,-122.330602,47.614817, @LoriAnnBurd @CenterForBioDiv @Nathan_Donley Holy sh*t. ,,,,
1.25228E+18, lizetteleza, Mon Apr 20 17:00:32 +0000 2020,-99.454676,27.532077, ya quiero fumar un blonttttt ,,,,
1.25228E+18, ProveMe_Wrong, Mon Apr 20 17:00:32 +0000 2020,-71.326858,42.636248, @Ceo1x Fr fr ,,,,
1.25228E+18, santoselvaggio1, Mon Apr 20 17:00:32 +0000 2020,-117.022695,38.502147, @mustang_brit @beth_monje Was he chipped? ,,,,
1.25228E+18, ODtheMC, Mon Apr 20 17:00:32 +0000 2020,-118.411907,34.020789, Mary Lawrence, smash Daniel, cut Nathan ,,
1.25228E+18, tmj_nyc_edu, Mon Apr 20 17:00:32 +0000 2020,-73.910998,40.894085," Nervous to apply for a job like ""ONE-TO-ONE AIDE (6661)"" at Birch Family Services? Apply even if you're not a 100%‚Ä¶ https://t.co/5Dlz4gyQfo ",,,,
1.25228E+18, kunterpunte, Mon Apr 20 17:00:32 +0000 2020,-73.723025,45.55783, https://t.co/h4UxsKBlrk ,,,,
1.25228E+18, kpeaa_, Mon Apr 20 17:00:32 +0000 2020,-118.411907,34.020789, @_Mejia92 . . . Facts. . . On facts on facts. . . Pig.! ,,,,
1.25228E+18, SeeMikeChase, Mon Apr 20 17:00:32 +0000 2020,-96.053431,41.275721, @StormCoker Zoiks!!! ,,,,
1.25228E+18, echarlie429, Mon Apr 20 17:00:32 +0000 2020,-74.782709,40.207353, @jamesdpitley @RealKaylaJames Henry Ford was a racist. I drive a Ford because it‚Äôs what I could afford. I‚Äôm not a r‚Ä¶ https://t.co/vhuFuI8xbO ,,,,
1.25228E+18, clay0nline, Mon Apr 20 17:00:32 +0000 2020,-77.604684,41.117936," @Ned_Newhouse @J_Weenus @MrDavidAngelo @brianstelter What are you talking about ""fake profile""", dimbulb?I've had‚Ä¶ https://t.co/0b8nExFJyk ,,,
1.25228E+18, KennethHutchins, Mon Apr 20 17:00:32 +0000 2020,-75.117998,40.004866, @carolmassar @BW @BloombergRadio Will that become the backdrop for zoom calls and TV remotes? @TheOneDave ? ,,,,
1.25228E+18, slowpokky, Mon Apr 20 17:00:33 +0000 2020,-122.360078,47.232584, @StacyLStiles Screw your threats!! China. You have no say. Stay away from China. ,,,,
1.25228E+18, jesuste52900427, Mon Apr 20 17:00:33 +0000 2020,-79.420865,38.003376, @marcela_cass Ser√≠a lo m√°s rico ‚ù§Ô∏èüòãüòã ,,,,
1.25228E+18, Honey_Rosed, Mon Apr 20 17:00:33 +0000 2020,-79.857363,36.090397, LMFAOOOOOOOOOOOO ,,,,
1.25228E+18, DirectorKayGee, Mon Apr 20 17:00:33 +0000 2020,-73.849441,40.850347, @Malicegamingg @SizzlePopcorn @GFuelEnergy @GammaLabs @GFUELesports @SizzleDev @SonyAlpha @Nike @NikeNYC @UniqloUSA https://t.co/VfWJKXCgQZ ,,,,
1.25228E+18, brittamarie_, Mon Apr 20 17:00:33 +0000 2020,-97.461937,32.685585, @AraceliAir_ üôà ,,,,
1.25228E+18, lucyjamesgames, Mon Apr 20 17:00:33 +0000 2020,-122.435979,37.770657, @broderick fuckin elllll ,,,,
1.25228E+18, tywrites1, Mon Apr 20 17:00:33 +0000 2020,-82.985772,39.994684, I‚Äôm waiting for the ultimate IG battle: Sh*rpie Vs M*rks-A-Lot ,,,,
1.25228E+18, wavydayze, Mon Apr 20 17:00:33 +0000 2020,-119.636189,36.830799, I LEFT MY CAR KEYS INSIDE MY CAR AND IT WAS UNLOCKED ALL NIGHT LMAOOOOOO ,,,,
1.25228E+18, Valdeana, Mon Apr 20 17:00:33 +0000 2020,-92.430839,35.073112, #420420 ,,,,
1.25228E+18, julesannnoel, Mon Apr 20 17:00:33 +0000 2020,-105.55089,38.997936, in the second photo you can see the mountain behind us that i was standing on top of for the first https://t.co/KzA0hKJg3D ,,,,
1.25228E+18, miles_commodore, Mon Apr 20 17:00:33 +0000 2020,-80.562695,35.003183, In early 2017 the President attempted to send Federal assistance to help with the Chicago violence issue.He was t‚Ä¶ https://t.co/v7AJK6xmOx ,,,,
1.25228E+18, gallegos_kenny, Mon Apr 20 17:00:33 +0000 2020,-106.622155,35.162099, @KohzKah @MarcZenn @theantifabatman Their ancestors thought the same when they stole all the native lands https://t.co/BhMSfSiFcv ,,,,
1.25228E+18, daisysugarr, Mon Apr 20 17:00:33 +0000 2020,-84.312419,37.739209, Adam asks me the dumbest shit ,,,,
1.25228E+18, AnthonySpak, Mon Apr 20 17:00:33 +0000 2020,-83.105425,42.505404, Still no stimulus check or payment for two weeks of unemployment. It‚Äôs hard out here for a Laid-Off-Wor-Ker. ,,,,
1.25228E+18, ATrosko, Mon Apr 20 17:00:33 +0000 2020,-75.117998,40.004866, Oh my god how thrilling ,,,,
1.25228E+18, tmj_dfw_pharm, Mon Apr 20 17:00:33 +0000 2020,-96.80183,32.983942, If you're looking for work in #Dallas, TX, check out this #Pharmaceutical job via the link in our bio: Certified Ph‚Ä¶ https://t.co/dyH1NJR7bF ,,
1.25228E+18, bbuck219bb, Mon Apr 20 17:00:33 +0000 2020,-119.306608,37.269176, @trentino_moreno @AndyOstroy @realDonaldTrump Some angry guy with too much time on his hands apparently ,,,,
1.25228E+18, MrDee760, Mon Apr 20 17:00:33 +0000 2020,-117.316888,33.247585, You already  know !!!Nothing but ‚õΩ‚õΩ‚õΩ#happy420#bestinthewest#YaDigg #topshelfonly @ O'side https://t.co/aa1nCFwWfg ,,,,
1.25228E+18, Millishield, Mon Apr 20 17:00:33 +0000 2020,-79.674847,44.371263, @0la_olaniyan Abi ....ihin ile...ohun ileüòÄüòÄüòÄ ,,,,
1.25228E+18, angie_kent, Mon Apr 20 17:00:33 +0000 2020,-77.163103,39.087055, @NOFSpodcast https://t.co/gIh6XI12Hy ,,,,
1.25228E+18, _amethystreign, Mon Apr 20 17:00:33 +0000 2020,-84.156379,33.738038, Ima be honest! I have not had my back blown out correct in awhile. I haven‚Äôt had sex(that was with my BD) April 6,‚Ä¶ https://t.co/uh30fysn7e ,,,
1.25228E+18, mikaylaaafrei, Mon Apr 20 17:00:34 +0000 2020,-97.461937,32.685585, finally getting to see myself on camera!! AHHH ,,,,
1.25228E+18, Johnny_James_, Mon Apr 20 17:00:33 +0000 2020,-75.340889,40.123408," ""Gimme 3 and a half minutes... Maybe even fo. She be wantin marry a nigga"" ",,,,
1.25228E+18, officialjkmac, Mon Apr 20 17:00:34 +0000 2020,-86.244729,32.364145, @uenvyray https://t.co/WEnVF57V6Z ,,,,
1.25228E+18, ByeCiaran, Mon Apr 20 17:00:34 +0000 2020,-96.621634,32.907642, Lamelo putting up wilt numbers on Danny ainge ,,,,
1.25228E+18, GRunowski, Mon Apr 20 17:00:34 +0000 2020,-79.616073,43.555244, @Pat_Potvin The Trudeau family fortune is heavily invested in Saudi oil. He killed off Canada's energy sector and i‚Ä¶ https://t.co/PH1uNXuTga ,,,,
1.25228E+18, mvlxvv, Mon Apr 20 17:00:34 +0000 2020,-98.540651,29.417501, @FatherGabe_ https://t.co/K2SRbLAhVF ,,,,
1.25228E+18, beep___boop, Mon Apr 20 17:00:34 +0000 2020,-84.131209,34.205536, @meatbod it wants to go fuck all the other horses but it's too busy being a cop ,,,,
1.25228E+18, urdailysass, Mon Apr 20 17:00:34 +0000 2020,-106.632718,35.117002, The transition between hardest to love and scared to live makes me EMOTIONAL ,,,,
1.25228E+18, __christianaaa, Mon Apr 20 17:00:34 +0000 2020,-80.649824,35.064324, Only 1 pm and I‚Äôm feelin all of God‚Äôs love ü•∫ ,,,,
1.25228E+18, HotHonduran, Mon Apr 20 17:00:34 +0000 2020,-84.244594,39.801271, I love the USA As much as I doMarijuana.It helped me with coping. ,,,,
1.25228E+18, oscarangulo_, Mon Apr 20 17:00:34 +0000 2020,-80.271087,25.699448, @JohnLynch49ers @SAPSports @MicrosoftTeams Nice ,,,,
1.25228E+18, schmerwin, Mon Apr 20 17:00:34 +0000 2020,-121.979527,37.523645, Lol bet ,,,,
1.25228E+18, naeeeeeee__, Mon Apr 20 17:00:34 +0000 2020,-76.620482,39.284713, My head ü§¶üèΩ‚Äç‚ôÄÔ∏è I‚Äôm so sick of the headaches ü•¥ ,,,,
1.25228E+18, chellsiebirch, Mon Apr 20 17:00:34 +0000 2020,-83.49998,42.570558, @Abbi_kendzior ,,,,
1.25228E+18, DanHinz65, Mon Apr 20 17:00:35 +0000 2020,-79.002112,35.054627, @ASavageNation https://t.co/tQWbNjnhf5 ,,,,
1.25228E+18, vindenmed327, Mon Apr 20 17:00:34 +0000 2020,-96.761753,32.819858, In defense Texas did not allow criminals to be set free and the commissioner council voted not to enforce the rulin‚Ä¶ https://t.co/H6R1t9K6hw ,,,,
1.25228E+18, delainisanders, Mon Apr 20 17:00:35 +0000 2020,-81.986834,26.63648, I swear. The most beautiful people. Inside and out. I love love love this couple. ,,,,
1.25228E+18, superdenise6, Mon Apr 20 17:00:34 +0000 2020,-110.915573,32.189391, @KSBeautifulMess Same https://t.co/i58sQ7iTjt ,,,,
1.25228E+18, StraightLoonz, Mon Apr 20 17:00:35 +0000 2020,-79.674847,44.371263, Do I smoke weed today or something? ,,,,
1.25228E+18, jimmyshi03, Mon Apr 20 17:00:35 +0000 2020,-115.223125,36.232915, @PSchrags @gmfb Has to be the 5. Keep 18, make the second a fourth. ,,,
1.25228E+18, salonandspaglo, Mon Apr 20 17:00:35 +0000 2020,-74.34815,40.85462, 31st day of Quarantine Art üé®Every day we will post one picture and count how many days we are closed. If you woul‚Ä¶ https://t.co/vy4OC1cdNh ,,,,
1.25228E+18, HiMyNameIsTL, Mon Apr 20 17:00:35 +0000 2020,-86.791549,36.200008, @PatMcAfeeShow Roughly this. https://t.co/Ea9oiKtS4d ,,,,
1.25228E+18, Watch_The_Drive, Mon Apr 20 17:00:35 +0000 2020,-96.761753,32.819858, Lmao y‚Äôall take it Easy on her ,,,,
1.25228E+18, charltonriley_, Mon Apr 20 17:00:35 +0000 2020,-95.446486,29.838495, @VisionarySZN eh.. ,,,,
1.25228E+18, GOODasGOLDman, Mon Apr 20 17:00:35 +0000 2020,-86.793917,33.542237, Can always count on @ClowESPN to make me smile with the best HBC stories! ,,,,
1.25228E+18, nfcomics, Mon Apr 20 17:00:36 +0000 2020,-111.860965,40.572456, @JamesGunn Haha, just unwanted advice. . .  who can‚Äôt appreciate that insightful wisdom. ü§∑üèª‚Äç‚ôÄÔ∏èüòÅ ,,,
1.25228E+18, alanberg, Mon Apr 20 17:00:36 +0000 2020,-74.5667,40.3792, I did swag shout outs, now it‚Äôs time for the DIY home project reveals - in other words, what we‚Äôve been doing durin‚Ä¶ https://t.co/QofibsKKB2 ,,
1.25228E+18, _veevyan, Mon Apr 20 17:00:36 +0000 2020,-97.754724,30.323346, happy birthday to my fave Luther Vandross. I miss you dawg https://t.co/604ZbpSHGE ,,,,
1.25228E+18, MarvTraining, Mon Apr 20 17:00:36 +0000 2020,-85.9786,35.830522, All Marv Bands are still 20% off during this time to help players train at home. This does includes team sets! https://t.co/qaVHfXGQG4 ,,,,
1.25228E+18, keaton_hixon, Mon Apr 20 17:00:36 +0000 2020,-93.021284,34.486531, @plastiboo Rosie don‚Äôt get the love she deserves https://t.co/Qjvv56qksR ,,,,
1.25228E+18, RazzleDazzle427, Mon Apr 20 17:00:36 +0000 2020,-88.075175,41.919511, @Scottvickers27 He‚Äôs always been like that. He‚Äôs a piss poor owner. He has no interest of players salaries. Just wants to make money. ,,,,
1.25228E+18, Alexandre_Ernst, Mon Apr 20 17:00:36 +0000 2020,-73.723025,45.55783, @662Felipe Mas deixa eu ter uma casa e um galp√£o pra tu ver se eu n√£o me aventuro... üòÇüòÇüòÇ ,,,,
1.25228E+18, BenBlankley, Mon Apr 20 17:00:36 +0000 2020,-97.316209,37.753368, https://t.co/aYuWElvNum ,,,,
1.25228E+18, rafeeqsarah98, Mon Apr 20 17:00:36 +0000 2020,-83.804475,27.698682, Happy 4/20 ‚ùóÔ∏è ,,,,
1.25228E+18, marii_XOX_, Mon Apr 20 17:00:36 +0000 2020,-80.244984,36.087169, Yes ma‚Äôam very beautiful üíôü§ç ,,,,
1.25228E+18, whoisrachie, Mon Apr 20 17:00:36 +0000 2020,-73.948775,40.655138, @bigmanzstar Z star they‚Äôre releasing a my bloody valentine collab, it‚Äôs my time ,,,
1.25228E+18, Tashakaye_, Mon Apr 20 17:00:36 +0000 2020,-75.770041,42.746617, I‚Äôm not about to believe my high school seniors are telling me 11am is ‚Äúway too early‚Äù for zoom class time. üòï ,,,,
1.25228E+18, aliciakoglesby, Mon Apr 20 17:00:36 +0000 2020,-75.117998,40.004866, I don't know who needs to hear this but if you want someone to read something, include that thing in the email. üòê ,,,
1.25228E+18, drophacking, Mon Apr 20 17:00:36 +0000 2020,-112.124676,33.552863, @OccultVulpine I love u ,,,,
1.25228E+18, HonoluluClock, Mon Apr 20 17:00:36 +0000 2020,-157.799589,21.319944, üïñ  DONG DONG DONG DONG DONG DONG DONG ,,,,
1.25228E+18, josiahcwells, Mon Apr 20 17:00:36 +0000 2020,-77.49317,37.529883, sweet people good music go check these two songs out!! ,,,,
1.25228E+18, Pablo_Pat43, Mon Apr 20 17:00:37 +0000 2020,-75.117998,40.004866, @ChrisSoNasty_ Sayless üòÇüòÇ ,,,,
1.25228E+18, hellinabucket13, Mon Apr 20 17:00:37 +0000 2020,-72.095274,42.210409, @pioneergirl08 @chefanneburrell @icEciLy @GVFDPIO @TheIACP @LaurenzSide @townofmarana @ChicagoCAPS12‚Ä¶ https://t.co/1VDJMZWk45 ,,,,
1.25228E+18, explorionary, Mon Apr 20 17:00:37 +0000 2020,-75.117998,40.004866, Oil at $4 a barrel is something I'll remember for awhile https://t.co/9sBfZZhiAi ,,,,
1.25228E+18, Jaccck_Rabbit, Mon Apr 20 17:00:37 +0000 2020,-96.835249,33.15014,504,,,,
1.25228E+18, mcgoneguy, Mon Apr 20 17:00:37 +0000 2020,-85.694513,38.440843, @tracied51 @TheyCallMeDoc1 @armyguy91 @Disciple9208 @Beebers3 @KC33Phoenix @Amer1Patriot @BarbBoo66 @shipmate68‚Ä¶ https://t.co/npjKyFLB89 ,,,,
1.25228E+18, pabloromero_nyc, Mon Apr 20 17:00:37 +0000 2020,-73.831187,40.670879, @SebizusUrSavior @AllanMNyC_ yess but scholes was always more dmiddy, not box to box. he can deff play anywhere in‚Ä¶ https://t.co/kFrelPgyea ,,,
1.25228E+18, kenyavuitton, Mon Apr 20 17:00:37 +0000 2020,-83.173867,32.678207, ‚ÄùFAMU23 in order to BECOME who you want to be, you must manifest your dreams into reality‚Ä¶. ‚ú®‚Ä¶ https://t.co/kNYDkTO8j0 ,,,
1.25228E+18, Tedards, Mon Apr 20 17:00:37 +0000 2020,-121.300425,37.980826, @Sha_Elise24 We'll see. I would never underestimate the size and ambition of Sanders' Ego. ,,,,
1.25228E+18, GeoLaLocura, Mon Apr 20 17:00:37 +0000 2020,-74.162658,40.792103, Do homemade adult videos face copyright infringements when playing music in the background?  @Pornhub ü§î ,,,,
1.25228E+18, vccisco, Mon Apr 20 17:00:37 +0000 2020,-118.503259,34.415631, @RaulGee2 Video or it didn‚Äôt happen üëÄüé• ,,,,
1.25228E+18, dyteee, Mon Apr 20 17:00:37 +0000 2020,-118.411907,34.020789, Happy 4/20/2020 been waiting on this day for so long, I can't even see any of my friends. ,,,
1.25228E+18, gnrlblanky1, Mon Apr 20 17:00:37 +0000 2020,-76.053253,40.620591, dent head lmaooo ,,,,
1.25228E+18, MtlWeb3944, Mon Apr 20 17:00:37 +0000 2020,-73.723025,45.55783, @nobster5 @TerryDiMonte Need Ruth to work evenings with Le Phu at St. M ,,,,
1.25228E+18, TheElleBarrie, Mon Apr 20 17:00:37 +0000 2020,-80.233328,25.782353, The sad part is Florida ha so much more to offer than all the other East coast states so why these idiots are compl‚Ä¶ https://t.co/Wp1TuthiW2 ,,,,
1.25228E+18, SeanErnst, Mon Apr 20 17:00:37 +0000 2020,-119.228992,34.289689, @hutchinson What you‚Äôre saying is before the gop has a chance to remind its natural voters just how awful joe Biden‚Ä¶ https://t.co/VJdXmpsqpN ,,,,
1.25228E+18, Bobby6740, Mon Apr 20 17:00:37 +0000 2020,-78.97082,35.191484, @TheTrueAMG @Kellyma1007 @ExecuteSucceed I been following and in need bad with food and bills can u help me . I'm B‚Ä¶ https://t.co/URecc36crZ ,,,,
1.25228E+18, alolanzapdos, Mon Apr 20 17:00:37 +0000 2020,-81.921456,41.490977, my kid smacks me in the face lol üòÇ ,,,,
1.25228E+18, reaim_us, Mon Apr 20 17:00:37 +0000 2020,-104.922093,39.713563, @BRational #420day Be smart.Be responsible.https://t.co/6URtHE0poB https://t.co/TKwhAojvhn ,,,,
1.25228E+18, simplydarcy, Mon Apr 20 17:00:38 +0000 2020,-73.948775,40.655138, I wish i wasn‚Äôt in this position right now because i don‚Äôt want to deal with anything ,,,,
1.25228E+18, GregInThe440, Mon Apr 20 17:00:38 +0000 2020,-82.215119,41.400245, @dmccarth330 Mine keeps making me verify my password ,,,,
1.25228E+18, alvarohod25, Mon Apr 20 17:00:38 +0000 2020,-73.831187,40.670879, @MariaFdaCabal Que ah√≠ le manda a decir un integrante de este gobierno, jajajajajajajaja https://t.co/oXDGkp7ep5 ,,,
1.25228E+18, CookenPappa, Mon Apr 20 17:00:38 +0000 2020,-121.469664,38.561722, This Is Halloween!!!!!!!!!! ,,,,
1.25228E+18, silicavolcanosi, Mon Apr 20 17:00:38 +0000 2020,-81.220009,28.90459, @Covid19Docs @DrCSWilliam Greed kills. ,,,,
1.25228E+18, JuanSRobles_, Mon Apr 20 17:00:38 +0000 2020,-73.948775,40.655138, @SireLeoLamar It‚Äôs not spoken about enough tbh ,,,,
1.25228E+18, justmonique1981, Mon Apr 20 17:00:38 +0000 2020,-89.069133,30.426027, @Drjuanca Abrazos, Dr. Juanca ,,,
1.25228E+18, stf_johnny, Mon Apr 20 17:00:38 +0000 2020,-83.099288,42.352787, I want to experience fucking a btc with her butt plug in üò©üçÜüí¶ ,,,,
1.25228E+18, goldies_bbq, Mon Apr 20 17:00:38 +0000 2020,-89.876449,32.571032, #MeetMeAtGoldies #GoldiesBbq #VicksburgMs https://t.co/4bPIEp9wel ,,,,
1.25228E+18, SoulessVaper, Mon Apr 20 17:00:38 +0000 2020,-113.901647,45.174919, I'm a big supporter of the Reduce/Reuse/Recycle plan to help spare our planet. With that said, What's a person to d‚Ä¶ https://t.co/lntjmdpAEo ,,,
1.25228E+18, IrxsPr, Mon Apr 20 17:00:38 +0000 2020,-76.593943,24.074967, @deeensworld love that for u bb ,,,,
1.25228E+18, TMZ_CASH, Mon Apr 20 17:00:38 +0000 2020,-96.761753,32.819858, @Thomaseriphen_ @__ChozenOne @BenStinar @KingSarki2 81 nuff said ,,,,
1.25228E+18, alanita, Mon Apr 20 17:00:38 +0000 2020,-78.657837,35.843981, @taniachi A mi pap√° se lo dieron los arquitectos de la ciudad que andaban compr√°ndole cervezas en la tiendita que √©l ten√≠a en Isla Mujeres üòç ,,,,
1.25228E+18, felon_fred, Mon Apr 20 17:00:38 +0000 2020,-77.604684,41.117936, @fOrGiVeNcHy @jedijamesdean @TomSteyer Fuck @TomSteyer! ,,,,
1.25228E+18, pjaicomo, Mon Apr 20 17:00:38 +0000 2020,-77.101999,38.880845, @IJSanders Awesome!  Now do [every other provision of the Constitution]. ,,,,
1.25228E+18, teachDing4th, Mon Apr 20 17:00:38 +0000 2020,-77.49531,38.999927, Just a Monday thought...#gatorsdeserveit20 @GuilfordEle https://t.co/2tVxbe0HWY ,,,,
1.25228E+18, DamnDtae, Mon Apr 20 17:00:39 +0000 2020,-80.926628,33.63114, @SneakerShouts Still taxing ,,,,
1.25228E+18, dorabelladesign, Mon Apr 20 17:00:39 +0000 2020,-77.582242,37.654451, @TheNationalRVA @johnlegend in RVA back in like 2004ish Just him and the piano on stage. I thought, damn he‚Äôs gonna be famous one day lol ,,,
1.25228E+18, michaelstefanVA, Mon Apr 20 17:00:39 +0000 2020,-76.507809,37.090301, @BookofJD 3-4 weeks i heard. Must be frozen to hit the month marks I peeped ,,,,
1.25228E+18, shaylaleeraquel, Mon Apr 20 17:00:39 +0000 2020,-97.742292,35.50063, @techmty1 Yeah, it‚Äôs so weird! ,,,
1.25228E+18, JenniferFine5, Mon Apr 20 17:00:39 +0000 2020,-78.657837,35.843981, @WCPSSElemScie ,,,,
1.25228E+18, BSchulenburg, Mon Apr 20 17:00:39 +0000 2020,-93.0518,44.8376, Active Listing Inver Grove Heights$534,900Executive home in Broadmoor neighborhood.With 4 bedrooms, 3 1/2 bat‚Ä¶ https://t.co/VNOw1gBhtn ,,
1.25228E+18, montserratfranc, Mon Apr 20 17:00:39 +0000 2020,-80.141551,25.955266, Happy and creative Monday to all üé® Hope everyone keeps creating, smiling, discovering new talents.Here is my arti‚Ä¶ https://t.co/yZtj7YYes1 ,,
1.25228E+18, HeyItsCait__, Mon Apr 20 17:00:39 +0000 2020,-77.236969,38.805115, I SEE YOUR FLAWS,I SEE YOUR PAIN,I SEE PAST ALL OF IT ,,
1.25228E+18, GallucciLauren, Mon Apr 20 17:00:39 +0000 2020,-72.835584,41.731231, A bright spot in distance learning: Students have been embracing feedback and internalizing it more deeply due to t‚Ä¶ https://t.co/av4xDvyqEb ,,,,
1.25228E+18, biophyskrys, Mon Apr 20 17:00:39 +0000 2020,-73.873954,41.701722, https://t.co/u3bt12HkmK ,,,,
1.25228E+18, ___fatete, Mon Apr 20 17:00:39 +0000 2020,-90.178629,30.001244, First of all you need to find out who did this and sue they ass for revenge porn and second whoever did this is a f‚Ä¶ https://t.co/x9C2J4OJ6j ,,,,
1.25228E+18, QueenAaa_, Mon Apr 20 17:00:39 +0000 2020,-96.761753,32.819858, @JarvisWarner üòÇüòÇüòÇüòÇ me neither ,,,,
1.25228E+18, justNATE_, Mon Apr 20 17:00:39 +0000 2020,-73.948775,40.655138, It‚Äôs so crazy how the world is so selfish even in these times. ,,,,
1.25228E+18, manthapaige13, Mon Apr 20 17:00:39 +0000 2020,-81.547332,28.480712, i could really fuck up a millers mountain melt rn ,,,,
1.25228E+18, RalphOM1402, Mon Apr 20 17:00:39 +0000 2020,-87.732013,41.833585, @TtvFzgy @AionTrading @JorgeAxH @natmlo27 @Chipmunky23 ,,,,
1.25228E+18, Cali818D, Mon Apr 20 17:00:39 +0000 2020,-118.411907,34.020789, Real Talk outside of smoke more weed during #RonaCation This the most $$$ I've saved in a long time! And this damn‚Ä¶ https://t.co/bcVtqOMVGq ,,,,
1.25228E+18, islandrevis, Mon Apr 20 17:00:39 +0000 2020,-72.912946,41.72973, ariana18749066Looks like I'm your first. ü§≠üòè ,,,,
1.25228E+18, cdn_g, Mon Apr 20 17:00:39 +0000 2020,-78.822218,43.830985, The situation in the US scares the shit out of me. They may self-destruct ,,,,
1.25228E+18, VHSTigerSB, Mon Apr 20 17:00:39 +0000 2020,-93.774755,41.564257, If you are looking for Valley Softball gear check out the web store. https://t.co/WRkegP32ku ,,,,
1.25228E+18, LGuapo21, Mon Apr 20 17:00:40 +0000 2020,-74.419331,40.429227, @sdmh_28 @everyoneh8Manny You can‚Äôt in good faith use your 1st pick on someone who‚Äôs gonna sit. We have too many ho‚Ä¶ https://t.co/A1uzCtgXaP ,,,,
1.25228E+18, HuofHarted, Mon Apr 20 17:00:40 +0000 2020,-83.399779,33.956384, @RichardAlengi https://t.co/cLeUNKpQ6m ,,,,
1.25228E+18, itscarlidoe, Mon Apr 20 17:00:40 +0000 2020,-82.582843,28.114711, Sooo awkward when you turned a guy down like 4 years ago and he told everyone y‚Äôall hooked up and now he starts following you again ? OK WUT ,,,,
1.25228E+18, ChicagoClock_, Mon Apr 20 17:00:40 +0000 2020,-87.732013,41.833585, üïõ  TICTAC TICTAC TICTAC TICTAC TICTAC TICTAC TICTAC TICTAC TICTAC TICTAC TICTAC TICTAC ,,,,
1.25228E+18, p_e_rose, Mon Apr 20 17:00:40 +0000 2020,-97.754724,30.323346, Lettin Don Omar sing to my soul brb ,,,,
1.25228E+18, dogsx6, Mon Apr 20 17:00:40 +0000 2020,-120.583402,44.145437, @hilaryluros Well I know it‚Äôs 420 and that makes the marijuana people happy. However, my mom passed on this day 2 y‚Ä¶ https://t.co/fG2ycPfmr5 ,,,
1.25228E+18, lo_diablo, Mon Apr 20 17:00:40 +0000 2020,-106.662024,35.296183, @SCW_Steve https://t.co/tvxiDMTevp ,,,,
1.25228E+18, BloggedByRain, Mon Apr 20 17:00:40 +0000 2020,-84.714162,33.736306, Did you watch Selah and The Spades? ,,,,
1.25228E+18, antasia_armour, Mon Apr 20 17:00:40 +0000 2020,-81.705467,41.49594, #antasiashabriaarmour #tasiaantasiaisastarisfamourthnkstocertain #aholesinmycityandifnotnowthenlaterandorsoonenough https://t.co/IP6mVQiR8v ,,,,
1.25228E+18, JAKLY79, Mon Apr 20 17:00:40 +0000 2020,-73.8309,40.7, #lunch is #shrimp #bacon #peppersandonions #tacos @ Queens, New York https://t.co/9ZKp010hdn ,,,
1.25228E+18, flowerboyhippie, Mon Apr 20 17:00:40 +0000 2020,-77.418002,39.432037, @AIexanderH I am honored ,,,,
1.25228E+18, FPastell88, Mon Apr 20 17:00:40 +0000 2020,-84.541562,33.588263, @itsjujubae Ijs your words were profound and I'm all for intellectually stimulating conversation so this can be wha‚Ä¶ https://t.co/uEvJ7UNhxC ,,,,
1.25228E+18, mbarnas, Mon Apr 20 17:00:40 +0000 2020,-77.43014,43.21731, What other type of mask would you expect me to buy him? #stayhome @ Webster (town), New York https://t.co/yayrX7ZnRR ,,,
1.25228E+18, Jrttlpz, Mon Apr 20 17:00:40 +0000 2020,-85.768241,37.822244, @caleb_nikolich @checkcheckhey NKU was working on an RFP for scooters and bikes at the beginning of the year. I thi‚Ä¶ https://t.co/181wJZCT7z ,,,,
1.25228E+18, josefriverap, Mon Apr 20 17:00:40 +0000 2020,-80.369153,25.825643, ¬øPor Qu√© MY OWN BUSINESS no gan√≥ la triple corona en Venezuela? √Ångel Alciro Castillo habla sobre este tema y MUCHO‚Ä¶ https://t.co/g9dzd4NYwh ,,,,
1.25228E+18, CambridgeMDUSD, Mon Apr 20 17:00:40 +0000 2020,-122.045278,37.954422, üé®Let‚Äôs all participate in the art contest sponsored by the Contra Costa water district! üñçSubmit how you, your famil‚Ä¶ https://t.co/gGccz0aQxy ,,,
1.25228E+18, fernandoleon61, Mon Apr 20 17:00:40 +0000 2020,-100.293591,25.641718, As√≠ el robo contra adultos mayores en #Colima, orquestado desde la delegaci√≥n estatal de @bienestarmx‚Ä¶ https://t.co/fUNjAXqqW0 ,,,
1.25228E+18, tmj_HOU_gensci, Mon Apr 20 17:00:41 +0000 2020,-95.397254,29.710073, Interested in a job in #Houston, TX? This could be a great fit: https://t.co/ikiCRLbmve #GeneralScience ,,,
1.25228E+18, leahhollon, Mon Apr 20 17:00:41 +0000 2020,-86.680738,32.576227, We should make like a boxycharm but for edm fits üî•üåü ,,,,
1.25228E+18, Marlon23rd, Mon Apr 20 17:00:41 +0000 2020,-83.173867,32.678207, @tgthehost its up there! üèÅ ,,,,
1.25228E+18, ApolloXZAZU, Mon Apr 20 17:00:41 +0000 2020,-119.399181,36.551288, Kind of sad I‚Äôm not gonna smoke for 4/20 :/ ,,,,
1.25228E+18, iErayDursun, Mon Apr 20 17:00:41 +0000 2020,-87.967292,43.056722, @JuliaAlena98 Tell me then ,,,,
1.25228E+18, BenoitBirdman, Mon Apr 20 17:00:41 +0000 2020,-73.723025,45.55783, @GeorgeTakei Bonne fete George..stay safe ,,,,
1.25228E+18, alexiakroeff, Mon Apr 20 17:00:41 +0000 2020,-117.104989,32.810012, MY FAVORITE HOLIDAY IS HERE ü•∫‚ù§Ô∏è ,,,,
1.25228E+18, 49316a5e566a436, Mon Apr 20 17:00:41 +0000 2020,-82.921168,41.512646, @bechey @LarryTh24 @lacadri34 Lol, same thing! #takebackthename ,,,
1.25228E+18, JohnPet94169161, Mon Apr 20 17:00:41 +0000 2020,-111.880874,33.28245, @Kenny_Wallace Look up how they got rid of malaria when they were building the Panama Canal. A great sacrifice was‚Ä¶ https://t.co/A7jVsK6bp7 ,,,,
1.25228E+18, mztanks1, Mon Apr 20 17:00:41 +0000 2020,-81.747712,41.351434, I'm at Arden Courts (Work) - @hcr_manorcare in Parma hts, OH https://t.co/KS0ydCISz8 ,,,
1.25228E+18, Potatohead1521, Mon Apr 20 17:00:41 +0000 2020,-105.55089,38.997936, @QuanFlix_ so I took my computer apart and installed my SSD card by sliding it into the slot and screwing everythin‚Ä¶ https://t.co/DfesdDnvS0 ,,,,
1.25228E+18, Middle_FingerU, Mon Apr 20 17:00:41 +0000 2020,-79.857363,36.090397, @_enticinvenom ü§∑üèæ‚Äç‚ôÇÔ∏èü§£ü§£ ,,,,
1.25228E+18, zhashi28, Mon Apr 20 17:00:41 +0000 2020,-82.985772,39.994684, üêê ,,,,
1.25228E+18, TVToyGuy, Mon Apr 20 17:00:41 +0000 2020,-104.789327,38.888519, Who know what this is? #HVAC https://t.co/HVn16RbpBN ,,,,
1.25228E+18, mywineguy, Mon Apr 20 17:00:41 +0000 2020,-80.926628,33.63114, @HolyCitySinner @rich_137 @Coastal_Escape There has to be a point where common sense takes over. If you feel sick s‚Ä¶ https://t.co/0a9RRsbVe1 ,,,,
1.25228E+18, jovryder, Mon Apr 20 17:00:41 +0000 2020,-75.117998,40.004866, day whatever of quarantine https://t.co/E4P80WSFR3 ,,,,
1.25228E+18, ShopHeights19th, Mon Apr 20 17:00:41 +0000 2020,-95.401514,29.802963, And the WINNER is: beverlyy14 !! Congratulations on your 19th Street Shopping Spree! Thank you to everyone who ente‚Ä¶ https://t.co/oaLhzd5tO5 ,,,,
1.25228E+18, jamesNbeaumont, Mon Apr 20 17:00:41 +0000 2020,-83.729972,42.270839, üëÄ ,,,,
1.25228E+18, Cristanka, Mon Apr 20 17:00:41 +0000 2020,-87.732013,41.833585, @bicokun @richngramz @Smoke_nd_Pearls @BeaversDam_ For real üòÇlet‚Äôs see yo ass make dumplings sometime. ,,,,
1.25228E+18, lowkeybk1, Mon Apr 20 17:00:41 +0000 2020,-73.968542,40.780709, @Dee42113215 @_judasking Definitely can pa ,,,,
1.25228E+18, Andres1324, Mon Apr 20 17:00:41 +0000 2020,-118.159729,34.035297, @Clayboy68 @mandeescandee üëçüèΩ ,,,,
1.25228E+18, SirSethamus, Mon Apr 20 17:00:42 +0000 2020,-87.967292,43.056722, @Matic82Otto @grizzzlay Probably. I guess Potbelly kept their funds. That's the story I saw yesterday. ,,,,
1.25228E+18, DavidKennard45, Mon Apr 20 17:00:42 +0000 2020,-97.135638,32.70185, The transfer portal for women‚Äôs college basketball &gt;&gt;&gt;&gt;&gt;&gt;&gt;&gt; ,,,,
1.25228E+18, fragorders, Mon Apr 20 17:00:42 +0000 2020,-122.776795,46.991843, Medical staff just keeps impressing the hell outta me. #HeroesOfCovid19 ,,,,
1.25228E+18, PinellasCo911, Mon Apr 20 17:00:42 +0000 2020,-82.688108,27.800298, Alert: ELECTRICAL HAZARD (OUTSIDE) @ 4015 31 AV N Tac: B Sent: E10 https://t.co/qFz6r9v2Y8 ,,,,
1.25228E+18, andy_pena18, Mon Apr 20 17:00:42 +0000 2020,-84.302766,39.34583, Only need 19 more in 9 days! Plz support! üò¨ ,,,,
1.25228E+18, CasanovaCed, Mon Apr 20 17:00:42 +0000 2020,-81.511516,41.165246, Please don‚Äôt tempt me today y‚Äôall üòìI quit ,,,,
1.25228E+18, BadGyalCam, Mon Apr 20 17:00:42 +0000 2020,-83.173867,32.678207, üòÇüòÇüòÇ Nah fr, what kinda shit is that?ü•¥ ,,,
1.25228E+18, MrsFaith88, Mon Apr 20 17:00:42 +0000 2020,-77.014398,38.898603, I wish yal would slow down with yals kids imma be tryna schedule play dates while your kids 12 years old üò©üò©üò© ,,,,
1.25228E+18, kimoraland_, Mon Apr 20 17:00:42 +0000 2020,-118.411907,34.020789, It‚Äôs going to be in the 80s and 90s all week üò© I WANNA GO TO THE BEACH THIS SUCKS!!!!!! ,,,,
1.25228E+18, mrllull, Mon Apr 20 17:00:42 +0000 2020,-122.47907,37.616095, @TheRightMelissa @itsJeffTiedrich @realDonaldTrump üòÇüòÇüòÇüòÇ ,,,,
1.25228E+18, JemilaEA, Mon Apr 20 17:00:42 +0000 2020,-75.800141,45.248791, üòãü§§ ,,,,
1.25228E+18, benrector, Mon Apr 20 17:00:42 +0000 2020,-86.791549,36.200008, @adamhambrick Everybody thinks melodies are the notes, but I think the secret sauce is in the rhythms of a melody. ,,,
1.25228E+18, footballwildcat, Mon Apr 20 17:00:42 +0000 2020,-90.786302,38.779639, New drinking game idea: watch @Swagg play a game or warzone and every time he gets a kill take a drink, every time he does kill your drink. ,,,
1.25228E+18, RyanPTravis, Mon Apr 20 17:00:42 +0000 2020,-75.033939,39.894828, @TheKalenAllen @EmillySwaven Yes! ,,,,
1.25228E+18, TiaWill_, Mon Apr 20 17:00:42 +0000 2020,-79.857363,36.090397, You can‚Äôt say you‚Äôre a winner but looks defeated you will win üòäüòäüòä ,,,,
1.25228E+18, MinneapolisEric, Mon Apr 20 17:00:42 +0000 2020,-93.262046,44.97061, #RidinWithBiden ,,,,
1.25228E+18, susie_cano, Mon Apr 20 17:00:42 +0000 2020,-85.641142,42.956412, I‚Äôm about to paint on this huge canvas, what should I do guys? ,,,
1.25228E+18, elsbet, Mon Apr 20 17:00:42 +0000 2020,-90.833088,29.794553, @LennyZenith @FoxNews I have tried to persuade my brother and his wife (in Florida, it‚Äôs such a cliche!) of this with no luck. ,,,
1.25228E+18, Jordan__takeoff, Mon Apr 20 17:00:42 +0000 2020,-75.770041,42.746617, @JustB_407 https://t.co/4nivsQgNJ5 ,,,,
1.25228E+18, alexcankuhn, Mon Apr 20 17:00:42 +0000 2020,-84.519719,39.267625, huh ,,,,
1.25228E+18, LEADBULL88, Mon Apr 20 17:00:42 +0000 2020,-100.076888,31.168893, We all In prison just different sizes ,,,,
1.25228E+18, ShaunceLori, Mon Apr 20 17:00:42 +0000 2020,-93.361321,46.441861, I got my @JeffreeStar hoodie!!! HAPPY 420!!üíö https://t.co/3PsbmSX0Ve ,,,,
1.25228E+18, JeanGray_VS, Mon Apr 20 17:00:42 +0000 2020,-80.649699,28.117874, Do you ever think about me https://t.co/swlm4LmTgx ,,,,
1.25228E+18, Swanked_, Mon Apr 20 17:00:43 +0000 2020,-76.362276,37.050897, @Aliviaa___ @thatkushlife_ No thx guys . I‚Äôll just make some and watch it https://t.co/RfXAPN7qHA ,,,,
1.25228E+18, ArcAngelChris_, Mon Apr 20 17:00:43 +0000 2020,-117.998733,33.692542, @hypnoture @drakenstattoo @asianzoro ...you know what....fuck of. I'm not gonna givr a fuck about someone wjk wants‚Ä¶ https://t.co/a8JmWcs7yR ,,,,
1.25228E+18, nur1k0san, Mon Apr 20 17:00:43 +0000 2020,-83.601802,42.245713, @smshingteacups I have Cremasteric Spasm with Testicular Retraction.  You can't have that one. ,,,,
1.25228E+18, MarshalGoldberg, Mon Apr 20 17:00:43 +0000 2020,-75.117998,40.004866, @SpikeEskin If you leave the city Spike, don‚Äôt forget your mask and gloves. ,,,
1.25228E+18, Erebus_Dub, Mon Apr 20 17:00:43 +0000 2020,-96.7349,33.061243, Help ,,,,
1.25228E+18, ChadStewartPro, Mon Apr 20 17:00:43 +0000 2020,-81.339941,28.582816, üí• UNDER CONTRACT üí• We're still listing and selling!  üëâ Wanting to sell your home? üì≤ Call us today! üë®üèº‚Äçüíº The Chad S‚Ä¶ https://t.co/H4mKrt6n4q ,,,,
1.25228E+18, ObscureExReds, Mon Apr 20 17:00:43 +0000 2020,-84.549568,39.087308, @jake44np Meant Daytona Beach.  Not from there, but did get a degree from UDayton ,,,
1.25228E+18, cesart, Mon Apr 20 17:00:43 +0000 2020,-73.968542,40.780709, Room of Requirement is the only answer ,,,,
1.25228E+18, malcngham, Mon Apr 20 17:00:43 +0000 2020,-79.420865,38.003376, Best drink to get from Dunkin Donuts?? ,,,,
1.25228E+18, dcook8878, Mon Apr 20 17:00:43 +0000 2020,-77.073729,39.147092, @JudgeJeanine @LindseyGrahamSC Why don't you just have a drink. ,,,,
1.25228E+18, BobTheCaptainn, Mon Apr 20 17:00:43 +0000 2020,-106.41743,31.793368, @dm_me_ur_drugs that‚Äôs what i‚Äôm thinking too bro. that shit just sucks ,,,,
1.25228E+18, Natalie___18, Mon Apr 20 17:00:43 +0000 2020,-87.732013,41.833585, finding old screenshots be interesting üò≠üò≠ ,,,,
1.25228E+18, ChambersReport, Mon Apr 20 17:00:43 +0000 2020,-75.770041,42.746617, @alimhaider We know 3 homeschool kiddos that also graduated from Harvard! ,,,,
1.25228E+18, Selenaa_Aldon84, Mon Apr 20 17:00:43 +0000 2020,-73.6871,42.72794, Gotta Get Yahni‚Äôs Gifts Out The Way Now. She‚Äôs Expensive üò≠ ,,,,
1.25228E+18, KittyBhagat, Mon Apr 20 17:00:43 +0000 2020,-111.917026,40.765805, https://t.co/Tb9eoGhng0...the right to life, liberty," and the pursuit of happiness.""Please noteRight to LifeC‚Ä¶ https://t.co/E7aqynveY3 ",,
1.25228E+18, THEYLOVEG, Mon Apr 20 17:00:43 +0000 2020,-90.011008,29.982601, please God i just want to graduate. ,,,,
1.25228E+18, SteelLoso, Mon Apr 20 17:00:43 +0000 2020,-84.296906,33.772208, https://t.co/FaXeCaDuS6 ,,,,
1.25228E+18, EvilJoe, Mon Apr 20 17:00:44 +0000 2020,-85.768241,37.822244, @jamesthomas_UK @JoelGHodgson Yep ,,,,
1.25228E+18, BlueRedBlood, Mon Apr 20 17:00:44 +0000 2020,-90.476777,38.489468, @archangelcrew @Acidic_Blonde ü§§ü§§ü§§Sexy... ,,,,
1.25228E+18, couchguy3, Mon Apr 20 17:00:44 +0000 2020,-81.283121,28.784184, @nick_joe_b Also it‚Äôs not 2 lines, that‚Äôs why there‚Äôs a big Y shape Before it ,,,
1.25228E+18, arrobada_, Mon Apr 20 17:00:44 +0000 2020,-73.433618,45.510936, Hoy me despert√© con ganas de dormir ,,,,
1.25228E+18, winterrlynn, Mon Apr 20 17:00:44 +0000 2020,-86.791549,36.200008, Vanessa just told me to go hunting, and it‚Äôs not for animals. ,,,
1.25228E+18, Msimms__, Mon Apr 20 17:00:44 +0000 2020,-77.49317,37.529883, @_SmackJefe4 Charge it to the game fammo ,,,,
1.25228E+18, elise0htx, Mon Apr 20 17:00:44 +0000 2020,-95.004095,29.738594, https://t.co/VIQ28HFWMl ,,,,
1.25228E+18, mcgary_steven, Mon Apr 20 17:00:44 +0000 2020,-94.097256,33.430735, @jappoffjones Lol T C ,,,,
1.25228E+18, jsgorge, Mon Apr 20 17:00:44 +0000 2020,-98.319925,38.498196, @SammieAlways  this really really made my day lol like i‚Äôm fighting back tears of joy https://t.co/sV88lI24sX ,,,,
1.25228E+18, _Fairy0nacid, Mon Apr 20 17:00:44 +0000 2020,-73.968542,40.780709, @urbuggingg https://t.co/ovOdjFCFWr ,,,,
1.25228E+18, koticneutralDNA, Mon Apr 20 17:00:44 +0000 2020,-88.113245,41.85174, @naomibot For groups that have diversified very quickly and are very successful and love to hybridize we are all ü§°‚Ä¶ https://t.co/DSrJF9reU3 ,,,,
1.25228E+18, TnTgraphicsWs4L, Mon Apr 20 17:00:44 +0000 2020,-97.7475,30.2677, #imup they said did you watch it nah I lived it #Mj23 #Greatness #jordan #jumpman #6ringsüíçüíçüíçüíçüíçüíç @ Austin, Texas https://t.co/x1f2Zc147i ,,,
1.25228E+18, ArijanLalicic, Mon Apr 20 17:00:44 +0000 2020,-73.849441,40.850347, Disgusting ass white boomers ,,,,
1.25228E+18, JanethMona1220, Mon Apr 20 17:00:44 +0000 2020,-94.976601,29.767947, @petrogustavo Democracia ??? Se cre√≥ el grupo guerrillero m19 pero hicieron mucho da√±o y lo incluy√≥ al sr petro q e‚Ä¶ https://t.co/0PlHk44dQQ ,,,,
1.25228E+18, LilMsLit, Mon Apr 20 17:00:45 +0000 2020,-96.761753,32.819858, Bernie said Happy HolidazeüçÉ ,,,,
1.25228E+18, PlayboyJay15, Mon Apr 20 17:00:45 +0000 2020,-83.099288,42.352787, @StephaniedeJag3 https://t.co/MDeUBJFS9T ,,,,
1.25228E+18, minjimin_syub, Mon Apr 20 17:00:45 +0000 2020,-91.62142,37.999537, I JUST WOKE UP WTF ,,,,
1.25228E+18, ReaganConserva1, Mon Apr 20 17:00:45 +0000 2020,-88.089625,42.195096, this pretty much sums up the pandemic, staying at home, and probably the not so distant future in one picture üòî‚Ä¶ https://t.co/E9vsdHumjy ,,
1.25228E+18, ilenej, Mon Apr 20 17:00:45 +0000 2020,-96.761753,32.819858, @JudgeClayJ Agreed üíØ Thank you, Judge. Keep on keeping on. #CoronavirusDallas #dallasfightingcovid ,,,
1.25228E+18, ATLBobb, Mon Apr 20 17:00:45 +0000 2020,-84.433106,33.767195, Work From Home‚Ä¢Soccer Shirt Edition‚Ä¢Week 5 Complete@HibernianFC @CastleberryAC @ManCity @TimbersFC‚Ä¶ https://t.co/U9RG2avLnr ,,,,
1.25228E+18, Kayarel, Mon Apr 20 17:00:45 +0000 2020,-80.457202,25.671741, @ASavageNation How many of those people died? You can bet if such a report was made, someone would be tracking that‚Ä¶ https://t.co/ZtajWZA430 ,,,
1.25228E+18, AziziGibson, Mon Apr 20 17:00:45 +0000 2020,-118.411907,34.020789, It‚Äôs only right I drop the back cover and the tracklist today? ,,,,
1.25228E+18, _shannonwrites, Mon Apr 20 17:00:45 +0000 2020,-73.948775,40.655138, ‚ÄúBring your children‚Äù. Wow. ,,,,
1.25228E+18, deeskay5, Mon Apr 20 17:00:45 +0000 2020,-73.49413,40.668475, @SpeakerPelosi Jackass booze hag-DO tell us what u have done to help ANYONE during this pandemic! ,,,,
1.25228E+18, MikeBolandStL, Mon Apr 20 17:00:45 +0000 2020,-90.551064,38.586212, @evanasmith Is that per barrel???  What did I miss over the weekend? ,,,,
1.25228E+18, Michaela_Renee2, Mon Apr 20 17:00:45 +0000 2020,-119.782465,36.786042, happy one year anniversary of being in Nashville and a guy peeing in my suitcase ,,,,
1.25228E+18, dav1on, Mon Apr 20 17:00:45 +0000 2020,-87.732013,41.833585, @LizTHoward You‚Äôre sick g and I‚Äôm not even a Beyonce fanüò≠üò≠üò≠ ,,,,
1.25228E+18, Aescano, Mon Apr 20 17:00:46 +0000 2020,-73.968542,40.780709, Coronavirus: More European countries ease restrictions #Coronavirus https://t.co/VQ2I5m6ztx ,,,,
1.25228E+18, Valdeana, Mon Apr 20 17:00:46 +0000 2020,-92.430839,35.073112, Happy Holidays #420 ,,,,
1.25228E+18, creativejackie, Mon Apr 20 17:00:46 +0000 2020,-119.782465,36.786042, @MarioMoondo @VanessaCanReid Omg same as mine ,,,,
1.25228E+18, 1heMadScientist, Mon Apr 20 17:00:46 +0000 2020,-71.11082,42.424952, I think MJ has to be the GOAT based on the intangibles. When it came down to tough situations he rose to occasion.‚Ä¶ https://t.co/Wcl82fuVSs ,,,,
1.25228E+18, kkschiller, Mon Apr 20 17:00:46 +0000 2020,-100.076888,31.168893, Mom...Mommy... Mother ... Uhhhh Mooooommmm... I still love you! https://t.co/r0BshYSBPf ,,,,
1.25228E+18, JET05ponce, Mon Apr 20 17:00:46 +0000 2020,-80.1936,25.7751, The biggest driver of a massive rally for Apple Inc.‚Äôs stock could be something that may not sound particularly exc‚Ä¶ https://t.co/zcfENx97CI ,,,,
1.25228E+18, j9len, Mon Apr 20 17:00:46 +0000 2020,-86.142922,39.779562, where‚Äôs the mandy ,,,,
1.25228E+18, navgirl63, Mon Apr 20 17:00:46 +0000 2020,-80.149173,26.150368, Welp. ,,,,
1.25228E+18, CabsaHea, Mon Apr 20 17:00:46 +0000 2020,-122.3308,47.6046, üî•üî•üî• #thesocialdistancerun @ Seattle, Washington https://t.co/LpSvhrS7EB ,,,
1.25228E+18, CoreChasing, Mon Apr 20 17:00:46 +0000 2020,-82.663144,28.218249, @weatherchannel  whales mouth in Tarpon Springs Florida https://t.co/yiaeJEbjDZ ,,,,
1.25228E+18, JoeMOwens, Mon Apr 20 17:00:46 +0000 2020,-96.053431,41.275721, @mistermegative @officialSDGC So until like 5 days ago, I was like ‚ÄúIDGAF about spoilers,‚Äù since, you know, I playe‚Ä¶ https://t.co/Zphn1ttTbr 
1.25228E+18, thekingfinest, Mon Apr 20 17:00:46 +0000 2020,-80.246928,27.240816, https://t.co/ykrkum5ZtO ,,,,
1.25228E+18, Pookerchu, Mon Apr 20 17:00:47 +0000 2020,-73.948775,40.655138, @iRemington_ Still not valid ,,,,
1.25228E+18, GangstaGrill_Nc, Mon Apr 20 17:00:47 +0000 2020,-95.446486,29.838495, Still ain‚Äôt been to @BWWings since they tried to clown the @astros ,,,,
1.25228E+18, Celianthe, Mon Apr 20 17:00:47 +0000 2020,-71.341059,46.855857, @quebechistan Genre gin to et rhum and coke? ,,,,
1.25228E+18, daniela_kareli1, Mon Apr 20 17:00:47 +0000 2020,-115.22918,31.78967, Justin deberia repetir lo del zocalo de nuevo #BieberVirtualConcert2 ,,,,
1.25228E+18, caseyytho, Mon Apr 20 17:00:47 +0000 2020,-91.401008,30.937336, It‚Äôs the most wonderful time of the yeaaaaaar üòàüî• ,,,,
1.25228E+18, SophiaDa_1st, Mon Apr 20 17:00:47 +0000 2020,-85.242564,35.091954, if you, a man, are not sexually/romantically attracted to other men, then NOTHING you do will be gay. just a thought ü§∑üèΩ‚Äç‚ôÄÔ∏è ,
1.25228E+18, freedhardeman, Mon Apr 20 17:00:47 +0000 2020,-85.9786,35.830522, From Marj Mitchell, the wonderful person behind the voice that answers your calls to FHU: ‚ÄúCampus looking beautiful‚Ä¶ https://t.co/kfY24L1DRc ,,,
1.25228E+18, PaperstacksHit, Mon Apr 20 17:00:47 +0000 2020,-84.314792,33.706392, These shirts are so fucking ugly ,,,,
1.25228E+18, andy_mccormac, Mon Apr 20 17:00:47 +0000 2020,-119.025163,35.346902, @KenWillagain Ken‚Äôs got nothing smart to say so he just says an insult. #MAGA ,,,,
1.25228E+18, pareyouwithme, Mon Apr 20 17:00:47 +0000 2020,-87.985476,42.095656, @sophiedoyle77 Happy 21st Rachel, any fan of Sophie is a friend of ours. Happy Birthday. ,,,
1.25228E+18, angelo_g_rossi, Mon Apr 20 17:00:47 +0000 2020,-93.606369,41.576437, Although you‚Äôre still alive I watched you fucking die ,,,,
1.25228E+18, angelaBAEvis, Mon Apr 20 17:00:47 +0000 2020,-90.011008,29.982601, new mix up! disco shawtys unite. üíÉüèæüíÉüèæüíÉüèæhttps://t.co/peBVAK3JaH https://t.co/k6arwUooxf ,,,,
1.25228E+18, Keystone80435, Mon Apr 20 17:00:47 +0000 2020,-87.732013,41.833585, @melloskitty @DeadGuyPlays @Omnisek @IwonaWho @Zenaido @blinkButtonMash @MeltanRMusic @TravisAuricht @JangohFhett‚Ä¶ https://t.co/33sHxFE7FS ,,,,
1.25228E+18, lbt3um, Mon Apr 20 17:00:47 +0000 2020,-106.632718,35.117002, Cape Wickham, Ocean Dunes offer spectacular views, exhilarating links golf on King Island https://t.co/UfS5bV407X via @golfweek ,,
1.25228E+18, J__Squared22, Mon Apr 20 17:00:47 +0000 2020,-105.55089,38.997936, I knew Irish Tik Tok was off my phone when I stopped seeing Bubbs all over my fyp üò™ ,,,,
1.25228E+18, BodmerDon, Mon Apr 20 17:00:47 +0000 2020,-122.330602,47.614817, @realDonaldTrump  When are you going to grow up, be a man and do your job. 40,000 Americans have died because of yo‚Ä¶ https://t.co/ZpnlmxImX7 ,,
1.25228E+18, tchernychkov, Mon Apr 20 17:00:47 +0000 2020,-79.428376,43.903509, @NekrasoffAleks2 –¢–æ —á—Ç–æ –ø—Ä–æ–≤–æ–∫–∞—Ü–∏—è , —ç—Ç–æ –¥–∞. –ù–∞–≤–µ—Ä–Ω—è–∫–∞ –≤–ª–∞—Å—Ç—å—é –±—ã–ª–∏ –¥–æ–ø—É—â–µ–Ω—ã –æ—à–∏–±–∫–∏, –∏ —ç—Ç–∏–º –≤–æ—Å–ø–æ–ª—å–∑–æ–≤–∞–ª–∏—Å—å –ª—é–¥–∏, –∫‚Ä¶ https://t.co/w1LHIQDbPa ,
1.25228E+18, LordAdrian_, Mon Apr 20 17:00:47 +0000 2020,-88.049247,42.115128, looking at your forehead and all i‚Äôm thinking of is ‚Äúcorner taken quickly ‚Äú cute tho ,,,,
1.25228E+18, twelve2_, Mon Apr 20 17:00:47 +0000 2020,-75.117998,40.004866, I wish I was a PS4...niggas love their PS4. ,,,,
1.25228E+18, mundy_megan, Mon Apr 20 17:00:48 +0000 2020,-75.87578,41.244204, @megansellick I know üò¨ I love that pair too ... but there was no turning back ha.  Thank god I have been saving som‚Ä¶ https://t.co/huz2qLEUbd ,,,,
1.25228E+18, TweetPeddler_, Mon Apr 20 17:00:48 +0000 2020,-76.593943,24.074967, Some of yall really lost touch of what the actual bahamian reality is  ....... ,,,,
1.25228E+18, SemperfiKyra, Mon Apr 20 17:00:48 +0000 2020,-90.574792,34.199915, Me with Stanton classüò≠ ,,,,
1.25228E+18, AbbyHope_238, Mon Apr 20 17:00:48 +0000 2020,-96.677791,35.235449, My spirit animal ,,,,
1.25228E+18, Jerzey_Roots, Mon Apr 20 17:00:48 +0000 2020,-122.435979,37.770657, @KamVTV If everyone in the US was infected, 5m people would die. Nice survival rate. ,,,
1.25228E+18, HurricaneEve81, Mon Apr 20 17:00:48 +0000 2020,-122.578017,47.731958, @nwTGcpvrO1h3BpH @tennysonjuli @IntoTheShitter @BonJS0370 @MaryHow16 @impinkestgirl @ThomONeil1 @bettypge69 @poppij‚Ä¶ https://t.co/c7KiY5P0Vg ,,,,
1.25228E+18, E2EJobs, Mon Apr 20 17:00:48 +0000 2020,-74.805641,40.11825, If you're looking for work in #FlorenceTownship, NJ, check out this Sanitarian https://t.co/v15bTSofZk #Manufacturing ,,
1.25228E+18, TeachersHall, Mon Apr 20 17:00:48 +0000 2020,-95.690732,39.037579, Shout out to music teachers. https://t.co/RqeCMz13Vy ,,,,
1.25228E+18, joxoxo_18, Mon Apr 20 17:00:48 +0000 2020,-82.501283,27.543043, kinda the same kinda different üíã https://t.co/wJIcCkxyyw ,,,,
1.25228E+18, dezstovall, Mon Apr 20 17:00:48 +0000 2020,-122.31344,47.385752, my favorite holiday üòé ,,,,
1.25228E+18, tmj_las_health, Mon Apr 20 17:00:48 +0000 2020,-115.07952,36.271915," Don't be shy. Score a job like ""Behavior Tech/DSP"" at Accessible Space Inc by asking for referrals. It's a great wa‚Ä¶ https://t.co/ZiRDg4zfON ",,,,
1.25228E+18, kaleb_bullock35, Mon Apr 20 17:00:48 +0000 2020,-94.345255,32.157785, I didn‚Äôt! üëäüèº‚öæÔ∏èüéâ ,,,,
1.25228E+18, GregHancock45, Mon Apr 20 17:00:48 +0000 2020,-117.912,33.665, Another awesome day of ‚ÄúStay at Home‚Äù with The Hancocks. Karl knows how to clear the mind in between home school se‚Ä¶ https://t.co/ezqNaDVWpO ,,,,
1.25228E+18, KyleeKrenn, Mon Apr 20 17:00:48 +0000 2020,-97.285913,32.779967, I‚Äôm about to piss off my mom. Stay tuned. ü•¥ ,,,,
1.25228E+18, SabinoEcheverri, Mon Apr 20 17:00:48 +0000 2020,-95.446486,29.838495, @PabloC_Franco Que es floki? jajaa ,,,,
1.25228E+18, Studdyboy3, Mon Apr 20 17:00:48 +0000 2020,-76.069946,36.802541, @_faaaithtroi Tmp ,,,,
1.25228E+18, CdrScottJ, Mon Apr 20 17:00:48 +0000 2020,-96.761753,32.819858, Fauci is the reason we need the protests.  But I suppose we cannot expect much self-awareness from the petty tyrant‚Ä¶ https://t.co/Lyxoos0C60 ,,,,
1.25228E+18, MALSTA, Mon Apr 20 17:00:49 +0000 2020,-87.8785,41.165, YES OUR MONDAY TO GET BUSY!MUST SEE VIDEO! https://t.co/a6cDX2JnWr#weightloss #weightlossjourney #fitness‚Ä¶ https://t.co/VoDDhF9C2U ,,,,
1.25228E+18, Trusteemckinnon, Mon Apr 20 17:00:49 +0000 2020,-80.96829,43.143352, I can‚Äôt believe it was only two months ago I was home to watch one of our greatest European comebacks. Missing my R‚Ä¶ https://t.co/OS8REIavSa ,,,,
1.25228E+18, Pastortomw, Mon Apr 20 17:00:49 +0000 2020,-86.441236,39.766555, @BorisEP @weijia @realDonaldTrump She's such an ass hat I'm embarrassed for her parents. ,,,,
1.25228E+18, PhotoBTookThat, Mon Apr 20 17:00:49 +0000 2020,-121.439383,38.410428, Ima make it jump for you ,,,,
1.25228E+18, Sandiieeeb, Mon Apr 20 17:00:49 +0000 2020,-83.314841,42.293493, Go vote nowüôåüèΩüíöüíõhttps://t.co/NkQh1u5Hu3 ,,,,
1.25228E+18, NicolasVerge, Mon Apr 20 17:00:49 +0000 2020,-73.723025,45.55783, @Colm_Ahern @rockpapershot Congrats Colm! ,,,,
1.25228E+18, Redd29Yung, Mon Apr 20 17:00:49 +0000 2020,-77.49317,37.529883, @BMiloxxx I'll drain yo soul daddy üòçüòãüçÜ ,,,,
1.25228E+18, Ed_dones, Mon Apr 20 17:00:49 +0000 2020,-87.732013,41.833585, What do you call an alligator in a vest.... AN INVESTIGATOR üêäüïµüèΩ‚Äç‚ôÇÔ∏è ,,,,
1.25228E+18, grapeape_77, Mon Apr 20 17:00:49 +0000 2020,-82.985772,39.994684, @HKhalid_10 Congratulations ,,,,
1.25228E+18, IzraelJesus, Mon Apr 20 17:00:49 +0000 2020,-123.279343,44.569246, Believe your own eyes ,,,,
1.25228E+18, stevec50, Mon Apr 20 17:00:49 +0000 2020,-117.671611,33.646347, With everything else going on I totally missed that a new season of @BoschAmazon had dropped. I know what I‚Äôll be d‚Ä¶ https://t.co/m9oyHxBEvg ,,,,
1.25228E+18, _MarKiwi_, Mon Apr 20 17:00:49 +0000 2020,-97.35762,35.470364, Damn them pizza rolls was good asl üò≠ ,,,,
1.25228E+18, starfishncoffee, Mon Apr 20 17:00:49 +0000 2020,-98.540651,29.417501, Wow. ,,,,
1.25228E+18, DecidedlyNotPC, Mon Apr 20 17:00:49 +0000 2020,-82.469287,40.396259, I‚Äôd love to watch all the #Liberal women go batshit crazy -be a nice distraction under an #unlawful #lockdown ,,,,
1.25228E+18, cauliFlower_Boy, Mon Apr 20 17:00:49 +0000 2020,-89.922029,35.133521, I'm excited for The Last Dance: 2010s Warriors edition. ,,,,
1.25228E+18, ava_natalya, Mon Apr 20 17:00:49 +0000 2020,-81.516751,41.080877, I‚Äôm changing my major ,,,,
1.25228E+18, abbn0rmal_, Mon Apr 20 17:00:49 +0000 2020,-73.948775,40.655138, I‚Äôm only gon get better w this music shit. can‚Äôt wait to see the type of stuff I‚Äôm making when I‚Äôm 25 lmao ,,,,
1.25228E+18, 38_Roc, Mon Apr 20 17:00:49 +0000 2020,-80.360658,25.620761, @ErinKav21 I like you lol ,,,,
1.25228E+18, ASenaPhotograph, Mon Apr 20 17:00:49 +0000 2020,-74.244435,40.268807, @_nessajuli Not annoying just very sexyüëÖ ,,,,
1.25228E+18, NoreenKanani, Mon Apr 20 17:00:49 +0000 2020,-122.230222,38.114777, I been single so long I forgot how to be  in a relationship ,,,,
1.25228E+18, brannon_kody, Mon Apr 20 17:00:49 +0000 2020,-112.470924,42.924991, ‚ù§Ô∏è this to hangout and do 420 things ;) ,,,,
1.25228E+18, corbknows, Mon Apr 20 17:00:49 +0000 2020,-83.996731,34.118083, @freddy_ready Thank you my brother. ,,,,
1.25228E+18, cedricfavero, Mon Apr 20 17:00:49 +0000 2020,-151.526,59.6431, Sockeye salmon hunt - Alaska 2013...#salmon #bear #grizzly #katmai #alaska #urusarctos #Oncorhynchusnerka‚Ä¶ https://t.co/09mXdCfPFG ,,,,
1.25228E+18, pig_pharma, Mon Apr 20 17:00:49 +0000 2020,-90.011008,29.982601, @LilithsMessiah Come get it, sexy fucker üî• ,,,
1.25228E+18, AJ_Hinson, Mon Apr 20 17:00:49 +0000 2020,-74.801974,39.006258, Face it, even if you don‚Äôt know anything about the Kardashian‚Äôs, you still have a favorite. ,,
1.25228E+18, AMarkway, Mon Apr 20 17:00:50 +0000 2020,-90.32921,38.451717, @mac_markway @MattMarkway @6starfootballMO So Awesome!! Soak it up buddy!     ‚ù§Ô∏èüèàüí™üèº ,,,,
1.25228E+18, Rakeilscatering, Mon Apr 20 17:00:49 +0000 2020,-73.554097,41.098334, Bull Foot or can also be referred to as a cow heel, depending on the Island is a popular and well loved dish in the‚Ä¶ https://t.co/jIs4ydGyoY ,,,
1.25228E+18, xoaudgexo, Mon Apr 20 17:00:50 +0000 2020,-98.540651,29.417501, lmao blockT ,,,,
1.25228E+18, Lloydxkey, Mon Apr 20 17:00:50 +0000 2020,-122.260407,47.804248, Before offices or firms open the workers should be tested every day before entering the workplace. ,,,,
1.25228E+18, howell_macy, Mon Apr 20 17:00:50 +0000 2020,-95.690732,39.037579, @ArielMarie25 I will second this, Dr Stancliffe is the best!!!! ,,,
1.25228E+18, kingme214, Mon Apr 20 17:00:50 +0000 2020,-96.761753,32.819858, @HtxSuck Back in Dallas ,,,,
1.25228E+18, Bobby6740, Mon Apr 20 17:00:50 +0000 2020,-78.97082,35.191484, @TheTrueAMG @Kellyma1007 @ExecuteSucceed I never gotten anything yet at all ,,,,
1.25228E+18, DreamChasing_20, Mon Apr 20 17:00:50 +0000 2020,-93.955918,29.901544, Gotta be a Halloween party üòÇ ,,,,
1.25228E+18, Mjandersrn, Mon Apr 20 17:00:50 +0000 2020,-91.618471,41.754823, I‚Äôll never forget this game. Unreal!! ,,,,
1.25228E+18, breannadelia, Mon Apr 20 17:00:50 +0000 2020,-73.727707,40.77393, who are her parents? i just wanna talk ,,,,
1.25228E+18, keltydestiny, Mon Apr 20 17:00:50 +0000 2020,-85.768241,37.822244, Why are mirrors so expensive I‚Äôve so fucking vain I need more mirrors in my room ,,,,
1.25228E+18, miss_anathea, Mon Apr 20 17:00:50 +0000 2020,-73.723025,45.55783, @Oloni Men should never be allowed to learn words. My god üòÇ ,,,,
1.25228E+18, ty_toonice6, Mon Apr 20 17:00:50 +0000 2020,-76.069946,36.802541, @fvncyjay I be mad asab when i get st peters bit ,,,,
1.25228E+18, hollaatbingo, Mon Apr 20 17:00:50 +0000 2020,-117.905645,33.663609, @ayeeeeitskenny I miss hauling ass to Disney right after work just for the vibes ü•∫ü§ò ,,,,
1.25228E+18, tyfrench_, Mon Apr 20 17:00:51 +0000 2020,-118.369645,34.08701, @arlenparsa @tyleroakley disgusting ,,,,
1.25228E+18, BannerCareers, Mon Apr 20 17:00:51 +0000 2020,-111.325136,34.230868, Teamwork is crucial to providing excellent patient care at Banner Health. Our team plays an important role in ensur‚Ä¶ https://t.co/yFbvppnxW6 ,,,,
1.25228E+18, PattiPlatt, Mon Apr 20 17:00:51 +0000 2020,-81.06761,29.345904, Its all good...I got this. üòâ https://t.co/5Wzt8QtvYy ,,,,
1.25228E+18, AlvinRRivera, Mon Apr 20 17:00:51 +0000 2020,-157.786,21.2697, Distance learning is fun when you have a stuffed puppy on your head üòÇ**#distancelearning #luckywelivehawaii‚Ä¶ https://t.co/WpP2XW0RpY ,,,,
1.25228E+18, JenniferFine5, Mon Apr 20 17:00:51 +0000 2020,-78.657837,35.843981, @Sci6_12WCPSS ,,,,
1.25228E+18, OhMaffew, Mon Apr 20 17:00:51 +0000 2020,-82.441838,34.953849, @TheRiseGuys @jackyljesse @nueve @Fatboy933 @933theplanet @Paige933 Fat Mon is the best! üáØüá≤ ,,,,
1.25228E+18, JCLayfield, Mon Apr 20 17:00:51 +0000 2020,-77.118503,38.981337, How does the economy reopen-here is a terrific template from Wynn Casinos. https://t.co/1XMNoDCbjH ,,,,
1.25228E+18, flipper421, Mon Apr 20 17:00:51 +0000 2020,-74.377998,40.538787, Ask the Hague. ,,,,
1.25228E+18, KashDidIt, Mon Apr 20 17:00:51 +0000 2020,-87.533406,33.196601, So y‚Äôall big high today huh ü§î ,,,,
1.25228E+18, leeannrasachak, Mon Apr 20 17:00:51 +0000 2020,-93.361321,46.441861, National testing strategy and accessibility is needed #COVID19 #InThisTogether #StayHome ,,,,
1.25228E+18, Twaberry, Mon Apr 20 17:00:51 +0000 2020,-87.732013,41.833585, There are days during this pandemic when we need something we don't have. I don't have an inspirational follow up‚Ä¶ https://t.co/kPNGsOqKHZ ,,,,
1.25228E+18, HoldmyLatte, Mon Apr 20 17:00:51 +0000 2020,-89.569491,44.900818, @notmattdawson @consu85 @leoprieto @sam___888 @greenwooda1 For real üòÇüòÇüòÇüòÇüòÇüòÇ ,,,,
1.25228E+18, delainisanders, Mon Apr 20 17:00:51 +0000 2020,-81.986834,26.63648, @yiggitywakwak @huffpuffshelb I‚Äôm sad I wish you could send me some in the mail ,,,,
1.25228E+18, MlGUELGA, Mon Apr 20 17:00:51 +0000 2020,-97.907807,38.066142, Whos tryna match? ,,,,
1.25228E+18, DiazMiicki_, Mon Apr 20 17:00:51 +0000 2020,-117.999409,34.139172, @chombadrila üëÅ oh no what happen ,,,,
1.25228E+18, bweiny, Mon Apr 20 17:00:51 +0000 2020,-87.699196,42.045437, @adamjohnsonNYC You get drunk as shit, then smoke the weed, aka college.Don't overthink it. ,,
1.25228E+18, skogenator4, Mon Apr 20 17:00:52 +0000 2020,-96.830093,46.864883, Update: he did ,,,,
1.25228E+18, Chango66000334, Mon Apr 20 17:00:52 +0000 2020,-86.40961,35.84742, @Maggie60310325 Hope everything goes well...üôèüèªüôèüèª‚ù§Ô∏è‚ù§Ô∏èüêæüêæ ,,,,
1.25228E+18, Jvckhutchens, Mon Apr 20 17:00:52 +0000 2020,-116.806963,34.24244, Cinder is the true quarantine queen and that is on periodt. -i find that i‚Äôve been having a lot of time to read l‚Ä¶ https://t.co/ANXD9V7B99 ,,,,
1.25228E+18, syko1969, Mon Apr 20 17:00:52 +0000 2020,-117.397616,33.935822, Merry Stoner Christmas little ones ,,,,